Country,Region,Year,Happiness Score,GDP per Capita,Social Support,Life Expectancy,Freedom,Generosity,Corruption,Alpha-2 code,Alpha-3 code,Numeric code,Latitude (average),Longitude (average),Population 2020,Med. Age,Urban Pop %,Average Temp,Average Rainfall,Sunlight,Depression rate,Anxiety rate,Covid Cases,Covid Deaths,Covid Death Rate,Covid Cases per Mil Pop
Finland,Western Europe,2021,7.8420000000000005,10.775,0.9540000000000001,72.0,0.9490000000000001,-0.098,0.18600000000000003,FI,FIN,246.0,64.0,26.0,5542237.0,43.0,86%,2.402187596153846,46.89010253205127,1858.0,5.6,3.2,86613.0,913.0,1.0541142784570443,34.0
Denmark,Western Europe,2021,7.62,10.933,0.9540000000000001,72.7,0.946,0.03,0.179,DK,DNK,208.0,56.0,10.0,5795780.0,42.0,88%,8.67821326923077,61.730039871794865,1739.0,5.0,4.9,249785.0,2481.0,0.9932541986108052,36.0
Switzerland,Western Europe,2021,7.571000000000001,11.117,0.9420000000000001,74.4,0.919,0.025,0.292,CH,CHE,756.0,47.0,8.0,8665615.0,43.0,74%,6.713588108974354,127.1149783653846,1566.0,5.0,4.9,656077.0,10617.0,1.6182551743164293,246.0
Iceland,Western Europe,2021,7.553999999999999,10.878,0.983,73.0,0.955,0.16,0.6729999999999999,IS,ISL,352.0,65.0,-18.0,341628.0,37.0,94%,2.307253397435898,92.3392455128205,1326.0,4.1,4.9,6456.0,29.0,0.4491945477075589,4.0
Netherlands,Western Europe,2021,7.4639999999999995,10.932,0.9420000000000001,72.4,0.9129999999999999,0.175,0.33799999999999997,NL,NLD,528.0,52.5,5.75,17141544.0,43.0,92%,10.3164016025641,66.78641099358973,1662.0,4.7,6.4,1481323.0,17104.0,1.1546435179903372,824.0
Norway,Western Europe,2021,7.392,11.052999999999999,0.9540000000000001,73.3,0.96,0.09300000000000001,0.27,NO,NOR,578.0,62.0,10.0,5428594.0,40.0,83%,1.7268597756410258,90.3362798076923,1668.0,4.7,7.400000000000001,112156.0,753.0,0.6713862833909909,40.0
Sweden,Western Europe,2021,7.3629999999999995,10.867,0.934,72.7,0.945,0.086,0.237,SE,SWE,752.0,62.0,15.0,10110233.0,41.0,88%,2.5377217307692312,56.04342371794871,1871.5,4.9,4.8,960520.0,14000.0,1.4575438304251862,392.0
Luxembourg,Western Europe,2021,7.324,11.647,0.9079999999999999,72.6,0.907,-0.034,0.386,LU,LUX,442.0,49.75,6.1667,627704.0,40.0,88%,9.932402371794872,78.70049942307696,,5.0,4.9,66826.0,792.0,1.18516744979499,30.0
New Zealand,North America and ANZ,2021,7.277,10.642999999999999,0.948,73.4,0.929,0.134,0.242,NZ,NZL,554.0,-41.0,174.0,4829021.0,38.0,87%,10.022857884615389,142.96394487179487,2044.0,5.4,7.3,2613.0,26.0,0.9950248756218906,0.0
Austria,Western Europe,2021,7.268,10.905999999999999,0.934,73.3,0.9079999999999999,0.042,0.48100000000000004,AT,AUT,40.0,47.3333,13.3333,9015361.0,43.0,57%,7.202214903846159,98.31900945512822,1884.0,5.1,4.9,616739.0,10179.0,1.6504550547314183,496.0
Australia,North America and ANZ,2021,7.183,10.796,0.94,73.9,0.914,0.159,0.442,AU,AUS,36.0,-27.0,133.0,25550683.0,38.0,86%,21.966571474358954,40.40741637820513,2754.05,5.9,7.000000000000001,29777.0,910.0,3.0560499714544784,1.0
Israel,Middle East and North Africa,2021,7.157,10.575,0.9390000000000001,73.503,0.8,0.031,0.753,IL,ISR,376.0,31.5,34.75,8678517.0,30.0,93%,20.264817660256394,20.3376278205128,3311.0,4.6,2.8,838372.0,6361.0,0.7587324004141359,118.0
Germany,Western Europe,2021,7.155,10.873,0.903,72.5,0.875,0.011000000000000001,0.46,DE,DEU,276.0,51.0,9.0,83830972.0,46.0,76%,9.429345384615388,60.15111080128203,1644.0,5.2,5.8,3351474.0,83018.0,2.477059347618391,5049.0
Canada,North America and ANZ,2021,7.103,10.776,0.9259999999999999,73.8,0.915,0.08900000000000001,0.415,CA,CAN,124.0,60.0,-95.0,37799407.0,41.0,81%,-5.963873782051283,38.67237852564102,2028.044444,4.7,4.9,1202737.0,24117.0,2.005176526539052,1355.0
Ireland,Western Europe,2021,7.085,11.342,0.9470000000000001,72.4,0.879,0.077,0.363,IE,IRL,372.0,53.0,-8.0,4947267.0,38.0,63%,9.640843589743582,98.02790506410257,1453.0,4.8,6.3,247857.0,4896.0,1.9753325506239487,44.0
Costa Rica,Latin America and Caribbean,2021,7.069,9.88,0.8909999999999999,71.4,0.934,-0.126,0.809,CR,CRI,188.0,10.0,-84.0,5102158.0,33.0,80%,24.92141442307693,243.6692137820511,,4.7,4.6,245601.0,3202.0,1.3037406199486161,351.0
United Kingdom,Western Europe,2021,7.064,10.707,0.934,72.5,0.8590000000000001,0.233,0.45899999999999996,GB,GBR,826.0,54.0,-2.0,67948282.0,40.0,83%,9.062469455128204,103.63802051282057,1530.0,4.5,4.2,4411797.0,127480.0,2.8895255153398947,227.0
Czech Republic,Central and Eastern Europe,2021,6.965,10.556,0.9470000000000001,70.807,0.858,-0.20800000000000002,0.868,CZ,CZE,203.0,49.75,15.5,10712481.0,43.0,74%,8.7562144551282,56.57416423076927,1668.0,5.2,3.8,1628536.0,29213.0,1.7938197252010395,622.0
United States,North America and ANZ,2021,6.9510000000000005,11.023,0.92,68.2,0.8370000000000001,0.098,0.698,US,USA,840.0,38.0,-97.0,331341050.0,38.0,83%,7.616999647435898,55.887762499999994,2818.255556,5.9,6.3,32983695.0,588337.0,1.7837207141286022,9867.0
Belgium,Western Europe,2021,6.834,10.823,0.9059999999999999,72.199,0.7829999999999999,-0.153,0.6459999999999999,BE,BEL,56.0,50.8333,4.0,11598451.0,42.0,98%,10.573462051282055,72.6691253205128,1546.0,4.8,4.7,982959.0,24140.0,2.4558501422745,892.0
France,Western Europe,2021,6.69,10.704,0.9420000000000001,74.0,0.8220000000000001,-0.147,0.5710000000000001,FR,FRA,250.0,46.0,2.0,65298930.0,42.0,82%,11.541326089743588,70.20377467948713,2249.0,4.8,6.2,5565852.0,103918.0,1.8670636588971463,5879.0
Bahrain,Middle East and North Africa,2021,6.647,10.669,0.862,69.495,0.925,0.08900000000000001,0.722,BH,BHR,48.0,26.0,50.55,1711057.0,32.0,89%,27.914510576923078,5.931829166666668,,4.8,4.3,174659.0,632.0,0.3618479437074528,104.0
Malta,Western Europe,2021,6.602,10.674000000000001,0.9309999999999999,72.2,0.927,0.133,0.653,MT,MLT,470.0,35.8333,14.5833,441750.0,43.0,93%,19.50353653846156,35.15894160256409,3054.0,5.1,4.9,30249.0,413.0,1.3653343912195444,0.0
Taiwan Province of China,East Asia,2021,6.584,10.870999999999999,0.898,69.6,0.784,-0.07,0.721,TW,TWN,158.0,23.5,121.0,23824369.0,42.0,79%,,,,,,1121.0,12.0,1.070472792149866,0.0
United Arab Emirates,Middle East and North Africa,2021,6.561,11.085,0.8440000000000001,67.333,0.932,0.07400000000000001,0.589,AE,ARE,784.0,24.0,54.0,9910892.0,33.0,86%,27.55765032051284,4.720580512820505,3508.7,5.1,4.1,0.0,0.0,,0.0
Saudi Arabia,Middle East and North Africa,2021,6.494,10.743,0.8909999999999999,66.60300000000001,0.877,-0.149,0.684,SA,SAU,682.0,25.0,45.0,34905942.0,32.0,84%,25.509700320512838,5.860535641025643,3236.5,4.5,4.3,415281.0,6935.0,1.6699535976844593,1298.0
Spain,Western Europe,2021,6.4910000000000005,10.571,0.932,74.7,0.7609999999999999,-0.081,0.745,ES,ESP,724.0,40.0,-4.0,46757980.0,45.0,80%,13.903968012820519,49.68400214743592,2755.333333,5.2,4.1,3504799.0,77943.0,2.223893581343752,2316.0
Italy,Western Europe,2021,6.483,10.623,0.88,73.8,0.693,-0.084,0.866,IT,ITA,380.0,42.8333,12.8333,60446035.0,47.0,69%,12.626380416666668,76.35498878205125,2194.0,5.1,5.0,3994894.0,120256.0,3.0102425746465364,2711.0
Slovenia,Central and Eastern Europe,2021,6.461,10.529000000000002,0.948,71.4,0.9490000000000001,-0.10099999999999999,0.8059999999999999,SI,SVN,705.0,46.0,15.0,2078989.0,45.0,55%,9.677380512820514,111.90276471153854,1974.0,5.1,3.8,239339.0,4243.0,1.7727992512712092,157.0
Guatemala,Latin America and Caribbean,2021,6.435,9.052999999999999,0.813,64.958,0.9059999999999999,-0.038,0.775,GT,GTM,320.0,15.5,-90.25,17971382.0,23.0,52%,23.932170833333355,220.17835689102577,,3.7000000000000006,4.2,224621.0,7478.0,3.329163346258809,5.0
Uruguay,Latin America and Caribbean,2021,6.431,9.966000000000001,0.925,69.1,0.8959999999999999,-0.092,0.59,UY,URY,858.0,-33.0,-56.0,3475842.0,36.0,96%,17.941855128205134,110.68261185897438,2481.4,5.0,6.4,193027.0,2497.0,1.2936014132737907,535.0
Singapore,Southeast Asia,2021,6.377000000000001,11.488,0.915,76.953,0.927,-0.018000000000000002,0.08199999999999999,SG,SGP,702.0,1.3667,103.8,5858322.0,42.0,,27.805358333333334,209.62551160256407,2022.4,4.6,3.6000000000000005,61121.0,30.0,0.049082966574499766,0.0
Kosovo,Central and Eastern Europe,2021,6.372000000000001,9.318,0.821,63.813,0.8690000000000001,0.257,0.917,,NAM,516.0,-22.0,17.0,2548663.0,22.0,55%,20.996353846153845,22.70167426282051,3737.5,,,,,,
Slovakia,Central and Eastern Europe,2021,6.331,10.369000000000002,0.9359999999999999,69.20100000000001,0.7659999999999999,-0.124,0.9109999999999999,SK,SVK,703.0,48.6667,19.5,5460109.0,41.0,54%,8.452958685897435,63.66602628205125,2038.0,5.1,3.9,381744.0,11647.0,3.0509975271386063,327.0
Brazil,Latin America and Caribbean,2021,6.33,9.577,0.882,66.601,0.804,-0.071,0.7559999999999999,BR,BRA,76.0,-10.0,-55.0,212821986.0,33.0,88%,25.504851923076924,147.689798076923,2204.3,5.8,9.3,14523807.0,398343.0,2.7426899847953092,8318.0
Mexico,Latin America and Caribbean,2021,6.317,9.859,0.831,68.597,0.862,-0.147,0.799,MX,MEX,484.0,23.0,-102.0,129166028.0,29.0,84%,21.18582435897435,62.2150616666667,2596.25,4.2,3.6000000000000005,2336944.0,215918.0,9.239331366091786,4798.0
Jamaica,Latin America and Caribbean,2021,6.309,9.186,0.877,67.5,0.89,-0.13699999999999998,0.884,JM,JAM,388.0,18.25,-77.5,2963429.0,31.0,55%,25.664704166666652,176.24448246794876,,4.8,5.7,45292.0,770.0,1.7000794842356268,30.0
Lithuania,Central and Eastern Europe,2021,6.255,10.499,0.935,67.906,0.773,-0.203,0.826,LT,LTU,440.0,56.0,24.0,2715340.0,45.0,71%,7.280419230769234,55.264629935897425,1588.0,5.6,3.2,245896.0,3916.0,1.5925431889904675,225.0
Cyprus,Western Europe,2021,6.223,10.575999999999999,0.802,73.898,0.763,-0.015,0.8440000000000001,CY,CYP,196.0,35.0,33.0,1208886.0,37.0,67%,19.471158974358982,37.82776528846155,3314.1,5.1,5.1,64565.0,306.0,0.4739409897003021,75.0
Estonia,Central and Eastern Europe,2021,6.189,10.481,0.941,68.8,0.909,-0.106,0.527,EE,EST,233.0,59.0,26.0,1326693.0,42.0,68%,6.166056153846154,55.744265961538495,1826.0,5.9,3.2,121657.0,1148.0,0.9436366177038724,57.0
Panama,Latin America and Caribbean,2021,6.18,10.35,0.8959999999999999,69.652,0.872,-0.166,0.856,PA,PAN,591.0,9.0,-80.0,4326296.0,30.0,68%,25.569502564102553,210.83817724358966,1743.5,4.4,4.5,363895.0,6222.0,1.7098338806523858,105.0
Uzbekistan,Commonwealth of Independent States,2021,6.178999999999999,8.836,0.9179999999999999,65.255,0.97,0.311,0.515,UZ,UZB,860.0,41.0,64.0,33551824.0,28.0,50%,13.158793173076916,17.544707596153838,2823.9,4.2,3.3000000000000003,90406.0,647.0,0.7156604650133841,23.0
Chile,Latin America and Caribbean,2021,6.172000000000001,10.071,0.882,70.0,0.742,-0.044000000000000004,0.83,CL,CHL,152.0,-30.0,-71.0,19144605.0,35.0,85%,8.454477692307682,50.7281451923077,2648.54,5.0,6.5,1184271.0,26073.0,2.2016075712400287,3376.0
Poland,Central and Eastern Europe,2021,6.166,10.382,0.898,69.702,0.841,-0.165,0.735,PL,POL,616.0,52.0,20.0,37839255.0,42.0,60%,8.667609711538464,50.62085637820512,1571.0,5.1,3.9,2785353.0,67073.0,2.4080610249401064,2895.0
Kazakhstan,Commonwealth of Independent States,2021,6.152,10.155,0.9520000000000001,65.2,0.853,-0.069,0.733,KZ,KAZ,398.0,48.0,68.0,18815231.0,31.0,58%,6.810408141025637,21.77255298076925,2431.5,4.4,3.3000000000000003,316965.0,3638.0,1.1477607937784928,221.0
Romania,Central and Eastern Europe,2021,6.14,10.284,0.8320000000000001,67.355,0.845,-0.21899999999999997,0.938,RO,ROU,642.0,46.0,25.0,19214608.0,43.0,55%,9.690750032051291,55.28317583333332,2115.0,5.0,3.7000000000000006,1053629.0,27971.0,2.6547295110518028,1295.0
Kuwait,Middle East and North Africa,2021,6.106,10.817,0.843,66.9,0.867,-0.10400000000000001,0.736,KW,KWT,414.0,29.3375,47.6581,4281320.0,37.0,,26.089605448717936,9.82411596153847,,5.0,4.6,271145.0,1546.0,0.570174629810618,216.0
Serbia,Central and Eastern Europe,2021,6.077999999999999,9.787,0.873,68.6,0.778,0.002,0.835,RS,SRB,688.0,44.0,21.0,8731081.0,42.0,56%,11.050395160256402,63.15389820512821,2112.0,5.0,3.8,685937.0,6312.0,0.9202011263425066,161.0
El Salvador,Latin America and Caribbean,2021,6.061,9.054,0.762,66.402,0.888,-0.11,0.688,SV,SLV,222.0,13.8333,-88.9167,6491923.0,28.0,73%,24.371996474358962,151.27712679487175,2957.0,4.4,4.6,69198.0,2120.0,3.0636723604728457,31.0
Mauritius,Sub-Saharan Africa,2021,6.0489999999999995,10.008,0.905,66.70100000000001,0.867,-0.054000000000000006,0.789,MU,MUS,480.0,-20.2833,57.55,1272140.0,37.0,41%,23.26766858974359,146.23983365384615,,4.4,3.5000000000000004,1208.0,17.0,1.4072847682119205,0.0
Latvia,Central and Eastern Europe,2021,6.032,10.315,0.927,67.1,0.715,-0.162,0.8,LV,LVA,428.0,57.0,25.0,1882408.0,44.0,69%,6.696891314102561,55.69609227564106,1754.0,4.9,3.2,117795.0,2125.0,1.8039814932722105,84.0
Colombia,Latin America and Caribbean,2021,6.0120000000000005,9.557,0.847,68.001,0.8370000000000001,-0.135,0.841,CO,COL,170.0,4.0,-72.0,50976248.0,31.0,80%,24.734348717948706,221.06996891025645,1589.683333,4.7,5.8,2824626.0,72725.0,2.5746771430978828,6006.0
Hungary,Central and Eastern Europe,2021,5.992000000000001,10.357999999999999,0.943,68.0,0.755,-0.18600000000000003,0.8759999999999999,HU,HUN,348.0,47.0,20.0,9655983.0,43.0,72%,10.876786602564101,52.133547339743615,1988.0,5.1,3.9,776983.0,27358.0,3.521055158220965,662.0
Thailand,Southeast Asia,2021,5.985,9.805,0.888,67.40100000000001,0.884,0.287,0.895,TH,THA,764.0,15.0,100.0,69830779.0,40.0,51%,26.711208012820528,130.2134677564103,2175.025,4.4,3.5000000000000004,63570.0,188.0,0.2957369828535473,1.0
Nicaragua,Latin America and Caribbean,2021,5.972,8.62,0.8640000000000001,67.657,0.836,0.02,0.664,NI,NIC,558.0,13.0,-85.0,6638075.0,26.0,57%,25.23340064102563,189.5484709615385,2759.9,4.2,4.5,6898.0,182.0,2.6384459263554647,0.0
Japan,East Asia,2021,5.94,10.610999999999999,0.884,75.1,0.7959999999999999,-0.258,0.638,JP,JPN,392.0,36.0,138.0,126407422.0,48.0,92%,11.338797211538466,136.2051695512821,1808.55,4.2,3.1,575563.0,10055.0,1.7469851258680633,953.0
Argentina,Latin America and Caribbean,2021,5.928999999999999,9.962,0.898,69.0,0.828,-0.182,0.8340000000000001,AR,ARG,32.0,-34.0,-64.0,45267449.0,32.0,93%,14.56888060897435,48.7446361217949,2240.325,4.7,6.3,2928890.0,62947.0,2.1491759676874174,5178.0
Portugal,Western Europe,2021,5.928999999999999,10.421,0.879,72.6,0.892,-0.244,0.887,PT,PRT,620.0,39.5,-8.0,10191409.0,46.0,66%,15.476960512820519,69.05979977564107,2806.0,5.7,4.9,835563.0,16973.0,2.031324986865144,88.0
Honduras,Latin America and Caribbean,2021,5.919,8.648,0.812,67.3,0.857,0.081,0.809,HN,HND,340.0,15.0,-86.5,9931333.0,24.0,57%,24.014011217948692,160.97683756410248,2259.8,4.0,4.3,209490.0,5223.0,2.4931977660031506,596.0
Croatia,Central and Eastern Europe,2021,5.882000000000001,10.217,0.924,70.79899999999999,0.754,-0.11800000000000001,0.9390000000000001,HR,HRV,191.0,45.1667,15.5,4100719.0,44.0,58%,11.445104134615388,89.79589846153841,1913.0,5.1,3.8,327737.0,7001.0,2.136164058376076,253.0
Philippines,Southeast Asia,2021,5.88,9.076,0.83,62.0,0.917,-0.09699999999999999,0.742,PH,PHL,608.0,13.0,122.0,109830324.0,26.0,47%,25.912753205128194,210.87741698717946,2103.1,3.3000000000000003,3.1,1028738.0,17145.0,1.6666051025625572,750.0
South Korea,East Asia,2021,5.845,10.651,0.799,73.9,0.672,-0.083,0.727,KR,KOR,410.0,37.0,127.5,51276977.0,44.0,82%,11.479109935897439,116.13743060897431,2196.65,,,121351.0,1825.0,1.5039019043930415,157.0
Peru,Latin America and Caribbean,2021,5.84,9.458,0.8320000000000001,68.25,0.8220000000000001,-0.154,0.8909999999999999,PE,PER,604.0,-10.0,-76.0,33050211.0,31.0,79%,19.755111538461545,130.10639326923086,2013.3333329999998,4.8,5.7,1783339.0,60742.0,3.4060826348776088,2633.0
Bosnia and Herzegovina,Central and Eastern Europe,2021,5.813,9.59,0.87,68.098,0.706,0.113,0.9309999999999999,BA,BIH,70.0,44.0,18.0,3277152.0,43.0,52%,10.48909301282051,90.61933240384617,1769.0,5.1,3.8,197378.0,8464.0,4.288218545126608,0.0
Moldova,Commonwealth of Independent States,2021,5.766,9.454,0.857,65.699,0.8220000000000001,-0.079,0.9179999999999999,MD,MDA,498.0,47.0,29.0,4032294.0,38.0,43%,10.38536875,43.537378493589756,2126.0,,,250138.0,5780.0,2.310724480086992,213.0
Ecuador,Latin America and Caribbean,2021,5.763999999999999,9.312999999999999,0.821,68.8,0.8420000000000001,-0.124,0.843,EC,ECU,218.0,-2.0,-77.5,17688599.0,28.0,63%,21.709144230769233,185.94947403846157,1909.55,4.6,5.6,377662.0,18470.0,4.890616477167415,618.0
Kyrgyzstan,Commonwealth of Independent States,2021,5.744,8.538,0.893,64.40100000000001,0.935,0.11900000000000001,0.9079999999999999,KG,KGZ,417.0,41.0,75.0,6542426.0,26.0,36%,3.1374796153846147,33.859078557692314,,4.1,3.2,94944.0,1598.0,1.683097404785979,25.0
Greece,Western Europe,2021,5.723,10.279000000000002,0.823,72.6,0.5820000000000001,-0.28800000000000003,0.823,GR,GRC,300.0,39.0,22.0,10413936.0,46.0,85%,14.304440544871792,53.54714326923079,2975.0,5.7,4.9,340493.0,10242.0,3.0079913537135865,805.0
Bolivia,Latin America and Caribbean,2021,5.716,9.046,0.81,63.901,0.875,-0.077,0.8390000000000001,BO,BOL,68.0,-17.0,-65.0,11700207.0,26.0,69%,20.901701282051288,91.00180650641028,2288.9,4.4,5.4,301831.0,12920.0,4.280541097501582,71.0
Mongolia,East Asia,2021,5.6770000000000005,9.4,0.935,62.5,0.708,0.11599999999999999,0.856,MN,MNG,496.0,46.0,105.0,3287242.0,28.0,67%,0.5982408974358976,18.568798493589735,2791.5,4.2,3.3000000000000003,34623.0,102.0,0.29460185425872976,109.0
Paraguay,Latin America and Caribbean,2021,5.653,9.448,0.893,65.9,0.8759999999999999,0.027999999999999997,0.882,PY,PRY,600.0,-23.0,-58.0,7147553.0,26.0,62%,23.6554842948718,96.10503349358977,2803.0,5.2,7.6,274170.0,6196.0,2.2599117335959438,537.0
Montenegro,Central and Eastern Europe,2021,5.581,9.94,0.858,68.699,0.708,-0.034,0.812,ME,MNE,499.0,42.0,19.0,628080.0,39.0,68%,9.609226089743585,97.15418157051278,2481.0,4.8,3.8,97080.0,1485.0,1.5296662546353523,69.0
Dominican Republic,Latin America and Caribbean,2021,5.545,9.802,0.853,66.102,0.86,-0.133,0.7140000000000001,DO,DOM,214.0,19.0,-70.6667,10866667.0,28.0,85%,24.48336153846155,121.44425974358991,,4.7,5.7,265819.0,3467.0,1.3042709512864017,191.0
North Cyprus,Western Europe,2021,5.5360000000000005,10.575999999999999,0.82,73.898,0.795,0.012,0.626,,NAM,516.0,-22.0,17.0,2548663.0,22.0,55%,20.996353846153845,22.70167426282051,3737.5,,,,,,
Belarus,Commonwealth of Independent States,2021,5.534,9.853,0.91,66.253,0.65,-0.18,0.627,BY,BLR,112.0,53.0,28.0,9448772.0,40.0,79%,7.362349006410261,52.53906903846153,1807.0,5.6,3.2,355924.0,2522.0,0.7085782358031489,0.0
Russia,Commonwealth of Independent States,2021,5.477,10.189,0.903,64.703,0.718,-0.111,0.845,RU,RUS,643.0,60.0,100.0,145945524.0,40.0,74%,-5.255762756410258,36.82347051282051,1972.7875,,,4796557.0,109731.0,2.287703450620935,2300.0
Hong Kong S.A.R. of China,East Asia,2021,5.477,11.0,0.836,76.82,0.7170000000000001,0.067,0.40299999999999997,HK,HKG,344.0,22.25,114.1667,7507523.0,45.0,,,,,,,11771.0,209.0,1.775550080706822,3.0
Tajikistan,Commonwealth of Independent States,2021,5.466,8.091000000000001,0.86,64.281,0.8320000000000001,-0.055999999999999994,0.5529999999999999,TJ,TJK,762.0,39.0,71.0,9573310.0,22.0,27%,4.001359519230767,43.76687980769233,,3.8,3.1,13308.0,90.0,0.6762849413886384,0.0
Vietnam,Southeast Asia,2021,5.4110000000000005,8.972999999999999,0.85,68.03399999999999,0.94,-0.098,0.7959999999999999,VN,VNM,704.0,16.0,106.0,97490013.0,32.0,38%,24.599817948717966,153.6768326923078,2123.5,4.0,2.2,2865.0,35.0,1.2216404886561951,0.0
Libya,Middle East and North Africa,2021,5.41,9.622,0.8270000000000001,62.3,0.7709999999999999,-0.087,0.667,LY,LBY,434.0,25.0,17.0,6887247.0,29.0,78%,22.807737820512838,3.4093023076923097,3178.1,4.5,4.5,176701.0,3019.0,1.7085358883084985,0.0
Malaysia,Southeast Asia,2021,5.3839999999999995,10.238,0.8170000000000001,67.102,0.895,0.125,0.8390000000000001,MY,MYS,458.0,2.5,112.5,32436963.0,30.0,78%,25.781427564102565,259.07804551282067,,3.8,4.9,404925.0,1492.0,0.36846329567203795,309.0
Indonesia,Southeast Asia,2021,5.345,9.365,0.8109999999999999,62.236000000000004,0.873,0.542,0.867,ID,IDN,360.0,-5.0,120.0,274021604.0,30.0,56%,26.260645192307685,239.56490641025644,2983.3,3.7000000000000006,3.3000000000000003,1662868.0,45334.0,2.726253677381488,0.0
Congo (Brazzaville),Sub-Saharan Africa,2021,5.3420000000000005,8.117,0.636,58.221000000000004,0.695,-0.068,0.745,CG,COG,178.0,-1.0,15.0,5540555.0,19.0,70%,24.841035576923066,133.60660096153848,1698.6666670000002,,,10678.0,144.0,1.3485671474058814,0.0
China,East Asia,2021,5.3389999999999995,9.673,0.8109999999999999,69.593,0.904,-0.146,0.755,CN,CHN,156.0,35.0,105.0,1440297825.0,38.0,61%,7.039331891025638,48.27837977564103,2182.98,4.2,3.1,90642.0,4636.0,5.114626773460427,3.0
Ivory Coast,Sub-Saharan Africa,2021,5.306,8.551,0.644,50.114,0.741,-0.016,0.794,CI,CIV,384.0,8.0,-5.0,,,,26.71294038461537,111.97755317307693,2321.32,3.8,2.7,0.0,0.0,,0.0
Armenia,Commonwealth of Independent States,2021,5.2829999999999995,9.487,0.799,67.055,0.825,-0.168,0.629,AM,ARM,51.0,40.0,45.0,2964219.0,35.0,63%,7.803381794871798,44.77818903846152,2474.0,5.0,3.5000000000000004,215528.0,4087.0,1.8962733380349652,0.0
Nepal,South Asia,2021,5.269,8.12,0.774,64.233,0.782,0.152,0.727,NP,NPL,524.0,28.0,84.0,29225196.0,25.0,21%,12.62225128205129,105.27753711538459,,3.2,3.6000000000000005,312699.0,3211.0,1.0268660916728227,0.0
Bulgaria,Central and Eastern Europe,2021,5.266,10.016,0.9309999999999999,67.0,0.7879999999999999,-0.096,0.932,BG,BGR,100.0,43.0,25.0,6939018.0,45.0,76%,11.287791025641026,52.67103913461536,2177.0,5.2,4.0,402491.0,16278.0,4.044314034351078,697.0
Maldives,South Asia,2021,5.1979999999999995,9.826,0.9129999999999999,70.6,0.8540000000000001,0.024,0.825,MV,MDV,462.0,3.25,73.0,542151.0,30.0,35%,28.291346153846135,197.08333333333334,,3.7000000000000006,3.3000000000000003,29052.0,72.0,0.2478314745972739,90.0
Azerbaijan,Commonwealth of Independent States,2021,5.171,9.568999999999999,0.836,65.656,0.8140000000000001,-0.223,0.506,AZ,AZE,31.0,40.5,47.5,10154978.0,32.0,56%,12.419668237179478,35.982067435897456,2207.4,4.6,3.4000000000000004,316521.0,4461.0,1.4093851592785314,0.0
Cameroon,Sub-Saharan Africa,2021,5.142,8.189,0.71,53.515,0.731,0.026000000000000002,0.848,CM,CMR,120.0,6.0,12.0,26655083.0,19.0,56%,24.931066346153848,131.51504349358973,2165.125,3.9,2.7,65998.0,991.0,1.5015606533531318,385.0
Senegal,Sub-Saharan Africa,2021,5.132000000000001,8.118,0.71,59.802,0.695,-0.046,0.8009999999999999,SN,SEN,686.0,14.0,-14.0,16816539.0,19.0,49%,28.630988782051272,59.56883689102566,3146.0,3.9,2.7,40249.0,1107.0,2.7503788914010285,10.0
Albania,Central and Eastern Europe,2021,5.117,9.52,0.6970000000000001,68.999,0.785,-0.03,0.9009999999999999,AL,ALB,8.0,41.0,20.0,2877239.0,36.0,63%,12.106434519230765,82.68188798076922,2544.0,4.8,3.8,130859.0,2386.0,1.82333656836748,18.0
North Macedonia,Central and Eastern Europe,2021,5.101,9.693,0.805,65.47399999999999,0.7509999999999999,0.038,0.905,MK,MKD,807.0,41.8333,22.0,,,,10.51739887820513,55.35752544871794,2339.0,,,151569.0,4772.0,3.148401058263893,124.0
Ghana,Sub-Saharan Africa,2021,5.088,8.58,0.727,57.586000000000006,0.807,0.12300000000000001,0.848,GH,GHA,288.0,8.0,-2.0,31181428.0,22.0,57%,27.62778301282052,96.05532394230767,2367.5,4.2,2.8,92513.0,779.0,0.8420438208684186,8.0
Niger,Sub-Saharan Africa,2021,5.074,7.098,0.6409999999999999,53.78,0.8059999999999999,0.018000000000000002,0.693,NE,NER,562.0,16.0,8.0,24346468.0,15.0,17%,27.863348397435875,14.734048012820514,3203.2,3.4000000000000004,2.5,5224.0,191.0,3.656202143950996,18.0
Turkmenistan,Commonwealth of Independent States,2021,5.066,9.629,0.983,62.409,0.877,0.273,0.888,TM,TKM,795.0,40.0,60.0,6046292.0,27.0,53%,15.966470576923067,12.667283589743587,,4.2,3.4000000000000004,0.0,0.0,,0.0
Gambia,Sub-Saharan Africa,2021,5.051,7.686,0.69,55.16,0.6970000000000001,0.424,0.746,GM,GMB,270.0,13.4667,-16.5667,2427782.0,18.0,59%,27.978666987179484,82.31630749999998,3070.0,3.9,2.7,5885.0,174.0,2.956669498725573,3.0
Benin,Sub-Saharan Africa,2021,5.045,8.087,0.489,54.713,0.757,-0.034,0.6609999999999999,BJ,BEN,204.0,9.5,2.25,12175480.0,19.0,48%,27.886253205128195,87.34315217948715,2630.466667,3.9,2.7,7821.0,99.0,1.2658227848101269,35.0
Laos,Southeast Asia,2021,5.03,8.947000000000001,0.728,58.968,0.91,0.12300000000000001,0.6579999999999999,LA,LAO,418.0,18.0,105.0,7293542.0,24.0,36%,23.870642628205122,150.4519347435898,,,,672.0,0.0,0.0,0.0
Bangladesh,South Asia,2021,5.025,8.454,0.693,64.8,0.877,-0.040999999999999995,0.682,BD,BGD,50.0,24.0,90.0,164972348.0,28.0,39%,25.333739102564092,193.07449259615382,2066.0,4.1,4.4,754614.0,11305.0,1.4981169180534684,0.0
Guinea,Sub-Saharan Africa,2021,4.984,7.837999999999999,0.639,55.008,0.6970000000000001,0.095,0.7659999999999999,GN,GIN,324.0,11.0,-10.0,13191279.0,18.0,39%,26.19758012820512,140.55428820512816,2440.0,3.9,2.7,22152.0,144.0,0.6500541711809318,24.0
South Africa,Sub-Saharan Africa,2021,4.956,9.402999999999999,0.86,56.903999999999996,0.7490000000000001,-0.067,0.86,ZA,ZAF,710.0,-29.0,24.0,59436725.0,28.0,67%,18.215114198717945,38.30377355769231,3141.316667,4.6,3.4000000000000004,1578450.0,54285.0,3.439133326998004,546.0
Turkey,Middle East and North Africa,2021,4.948,10.24,0.8220000000000001,67.199,0.5760000000000001,-0.139,0.7759999999999999,TR,TUR,792.0,39.0,35.0,84495243.0,32.0,76%,11.666377019230769,47.591971570512825,2333.8,4.4,4.0,4751026.0,39398.0,0.8292524604159185,3558.0
Pakistan,South Asia,2021,4.934,8.458,0.6509999999999999,58.708999999999996,0.726,0.098,0.787,PK,PAK,586.0,30.0,70.0,221612785.0,23.0,35%,20.477878653846155,26.135470416666664,2992.15,4.2,3.5000000000000004,815711.0,17680.0,2.167434299647792,5263.0
Morocco,Middle East and North Africa,2021,4.918,8.902999999999999,0.56,66.208,0.774,-0.23600000000000002,0.8009999999999999,MA,MAR,504.0,32.0,-5.0,36985624.0,30.0,64%,18.18983185897435,24.84870009615384,3155.466667,4.5,4.5,510465.0,9015.0,1.7660368487555465,201.0
Venezuela,Latin America and Caribbean,2021,4.8919999999999995,9.073,0.861,66.7,0.615,-0.16899999999999998,0.8270000000000001,VE,VEN,862.0,8.0,-66.0,28421581.0,30.0,,25.865055128205142,163.40575160256418,2895.45,4.2,4.4,194959.0,2099.0,1.0766366261624238,322.0
Georgia,Commonwealth of Independent States,2021,4.891,9.585,0.6709999999999999,64.3,0.7829999999999999,-0.23800000000000002,0.655,GE,GEO,268.0,42.0,43.5,3987805.0,38.0,58%,6.95760612179487,78.66648910256404,2046.0,5.0,3.5000000000000004,308834.0,4095.0,1.3259550438099432,0.0
Algeria,Middle East and North Africa,2021,4.887,9.342,0.802,66.005,0.48,-0.067,0.752,DZ,DZA,12.0,28.0,3.0,43984569.0,29.0,73%,23.43961025641025,6.8356015384615425,3266.5,4.5,4.5,121580.0,3234.0,2.6599769698963645,20.0
Ukraine,Commonwealth of Independent States,2021,4.875,9.436,0.888,64.902,0.7240000000000001,-0.011000000000000001,0.924,UA,UKR,804.0,49.0,32.0,43686577.0,41.0,69%,9.072880128205133,47.14680836538462,1955.0,6.3,3.2,2059465.0,43778.0,2.1256976933329765,177.0
Iraq,Middle East and North Africa,2021,4.854,9.24,0.746,60.583,0.63,-0.053,0.875,IQ,IRQ,368.0,33.0,44.0,40372771.0,21.0,73%,22.333933365384624,14.713661442307702,3240.8,3.7000000000000006,4.5,1051868.0,15392.0,1.4633014788927887,560.0
Gabon,Sub-Saharan Africa,2021,4.852,9.603,0.7759999999999999,59.961999999999996,0.731,-0.2,0.84,GA,GAB,266.0,-1.0,11.75,2234448.0,23.0,87%,25.297257692307692,151.1812500320512,1720.2,4.3,3.0,22818.0,138.0,0.6047856955035499,21.0
Burkina Faso,Sub-Saharan Africa,2021,4.834,7.678,0.672,54.151,0.695,-0.009000000000000001,0.748,BF,BFA,854.0,13.0,-2.0,20997293.0,18.0,31%,28.698611858974385,66.58027099358979,3209.0,3.6000000000000005,2.7,13286.0,157.0,1.1816950173114558,0.0
Cambodia,Southeast Asia,2021,4.83,8.36,0.765,62.0,0.9590000000000001,0.034,0.843,KH,KHM,116.0,13.0,105.0,16758448.0,26.0,24%,27.511419230769242,156.7822484294872,,3.4000000000000004,3.2,11761.0,88.0,0.7482356942436869,0.0
Mozambique,Sub-Saharan Africa,2021,4.794,7.1579999999999995,0.7440000000000001,54.706,0.882,0.061,0.684,MZ,MOZ,508.0,-18.25,35.0,31398811.0,18.0,38%,24.28181826923076,79.08165137820512,2838.0,4.1,3.0,69804.0,814.0,1.1661222852558593,43.0
Nigeria,Sub-Saharan Africa,2021,4.7589999999999995,8.533,0.74,50.102,0.737,0.037000000000000005,0.878,NG,NGA,566.0,10.0,8.0,206984347.0,18.0,52%,27.27292564102564,95.58444307692301,2669.08,3.9,2.7,164993.0,2063.0,1.250356075712303,11.0
Mali,Sub-Saharan Africa,2021,4.723,7.744,0.7240000000000001,51.968999999999994,0.6970000000000001,-0.036000000000000004,0.8270000000000001,ML,MLI,466.0,17.0,-4.0,20346106.0,16.0,44%,28.88349519230769,26.59095842948719,3213.3666670000002,3.6000000000000005,2.6,13780.0,477.0,3.4615384615384617,0.0
Iran,Middle East and North Africa,2021,4.721,9.584,0.71,66.3,0.608,0.218,0.7140000000000001,IR,IRN,364.0,32.0,53.0,84176929.0,32.0,76%,17.767541891025644,17.608742756410237,2826.1,,,2479805.0,71351.0,2.8772826895663166,5367.0
Uganda,Sub-Saharan Africa,2021,4.636,7.6770000000000005,0.7809999999999999,56.101000000000006,0.7090000000000001,0.122,0.855,UG,UGA,800.0,1.0,32.0,45974931.0,17.0,26%,23.50592596153845,105.53491474358977,2272.666667,4.6,2.8,41766.0,341.0,0.8164535746779676,24.0
Liberia,Sub-Saharan Africa,2021,4.625,7.287999999999999,0.72,56.498000000000005,0.735,0.05,0.85,LR,LBR,430.0,6.5,-9.5,5077411.0,19.0,53%,25.712974038461553,207.21742939102555,,3.5000000000000004,2.7,2099.0,85.0,4.049547403525489,2.0
Kenya,Sub-Saharan Africa,2021,4.607,8.361,0.688,60.70399999999999,0.779,0.287,0.825,KE,KEN,404.0,1.0,38.0,53968739.0,20.0,28%,25.118588141025636,54.80080483974358,3030.025,4.4,3.1,158326.0,2688.0,1.6977628437527634,18.0
Tunisia,Middle East and North Africa,2021,4.596,9.266,0.691,67.20100000000001,0.6559999999999999,-0.201,0.87,TN,TUN,788.0,34.0,9.0,11839918.0,33.0,70%,20.385181250000016,22.155698141025624,3049.95,4.9,4.6,305313.0,10563.0,3.459728213341718,523.0
Lebanon,Middle East and North Africa,2021,4.584,9.626,0.848,67.355,0.525,-0.073,0.898,LB,LBN,422.0,33.8333,35.8333,6819976.0,30.0,78%,16.57306759615386,44.97702967948718,,4.7,5.5,524241.0,7224.0,1.3779921829845434,601.0
Namibia,Sub-Saharan Africa,2021,4.574,9.161,0.818,56.799,0.7190000000000001,-0.149,0.847,,NAM,516.0,-22.0,17.0,2548663.0,22.0,55%,20.996353846153845,22.70167426282051,3737.5,4.4,3.1,,,,
Palestinian Territories,Middle East and North Africa,2021,4.5169999999999995,8.485,0.826,62.25,0.653,-0.163,0.821,PS,PSE,275.0,32.0,35.25,5121112.0,21.0,80%,,,,,,294550.0,3206.0,1.0884399932099813,145.0
Myanmar,Southeast Asia,2021,4.426,8.541,0.779,59.302,0.8759999999999999,0.509,0.66,MM,MMR,104.0,22.0,98.0,54473253.0,29.0,31%,23.24888717948719,165.98681368589737,,3.7000000000000006,3.3000000000000003,142790.0,3209.0,2.2473562574409973,0.0
Jordan,Middle East and North Africa,2021,4.395,9.182,0.767,67.0,0.755,-0.16699999999999998,0.705,JO,JOR,400.0,31.0,36.0,10220604.0,24.0,91%,19.44318570512822,8.380796089743594,,4.0,4.3,708265.0,8754.0,1.235978059059815,729.0
Chad,Sub-Saharan Africa,2021,4.355,7.364,0.619,48.478,0.579,0.040999999999999995,0.807,TD,TCD,148.0,15.0,19.0,16502877.0,17.0,23%,27.553327564102585,28.752948365384608,3353.2,3.5000000000000004,2.6,4789.0,170.0,3.5498016287325123,0.0
Sri Lanka,South Asia,2021,4.325,9.47,0.8270000000000001,67.29899999999999,0.841,0.079,0.863,LK,LKA,144.0,7.0,81.0,21428970.0,34.0,18%,27.251487820512814,141.017674775641,,4.1,3.4000000000000004,104953.0,661.0,0.6298057225615276,0.0
Swaziland,Sub-Saharan Africa,2021,4.308,9.065,0.77,50.833,0.647,-0.185,0.708,SZ,SWZ,748.0,-26.5,31.5,,,,20.463108012820513,66.01406798076925,,4.2,3.0,0.0,0.0,,0.0
Comoros,Sub-Saharan Africa,2021,4.289,8.031,0.626,57.349,0.5479999999999999,0.08199999999999999,0.7809999999999999,KM,COM,174.0,-12.1667,44.25,872695.0,20.0,29%,25.72138397435897,133.46179551282057,,4.4,3.1,3833.0,146.0,3.809026871901904,0.0
Egypt,Middle East and North Africa,2021,4.283,9.367,0.75,61.998000000000005,0.7490000000000001,-0.182,0.795,EG,EGY,818.0,27.0,30.0,102659126.0,25.0,43%,23.055707692307692,2.4850250641025666,3756.416667,,,225528.0,13219.0,5.861356461281968,90.0
Ethiopia,Sub-Saharan Africa,2021,4.275,7.694,0.764,59.0,0.752,0.08199999999999999,0.7609999999999999,ET,ETH,231.0,8.0,38.0,115434444.0,19.0,21%,23.15304775641026,67.6668432371795,2784.85,4.7,3.3000000000000003,255288.0,3639.0,1.4254489047663814,940.0
Mauritania,Sub-Saharan Africa,2021,4.227,8.542,0.795,57.161,0.561,-0.106,0.731,MR,MRT,478.0,20.0,-12.0,4669775.0,20.0,57%,28.416357371794877,8.23599323717948,3332.5,4.1,2.8,18346.0,455.0,2.48010465496566,14.0
Madagascar,Sub-Saharan Africa,2021,4.208,7.396,0.6859999999999999,59.305,0.552,-0.005,0.8029999999999999,MG,MDG,450.0,-20.0,47.0,27808395.0,20.0,39%,22.645079807692305,117.92333400641026,2864.433333,4.4,3.1,36696.0,637.0,1.7358840200566819,493.0
Togo,Sub-Saharan Africa,2021,4.107,7.362,0.569,54.913999999999994,0.619,0.032,0.772,TG,TGO,768.0,8.0,1.1667,8310934.0,19.0,43%,27.38863942307692,97.00906483974356,2579.95,3.9,2.8,12898.0,122.0,0.9458830826484724,0.0
Zambia,Sub-Saharan Africa,2021,4.073,8.145,0.708,55.809,0.782,0.061,0.823,ZM,ZMB,894.0,-15.0,30.0,18468257.0,18.0,45%,22.451814423076936,78.59351564102563,2965.466667,4.0,3.0,91484.0,1249.0,1.3652660574526692,44.0
Sierra Leone,Sub-Saharan Africa,2021,3.8489999999999998,7.434,0.63,51.651,0.7170000000000001,0.084,0.866,SL,SLE,694.0,8.5,-11.5,8004158.0,19.0,43%,26.4263798076923,203.33729185897437,,3.9,2.8,4049.0,79.0,1.9510990367992096,0.0
India,South Asia,2021,3.819,8.755,0.603,60.633,0.893,0.08900000000000001,0.774,IN,IND,356.0,20.0,77.0,1382345085.0,28.0,35%,24.563940705128218,86.6361733974359,2434.15,4.5,3.0,18376524.0,204832.0,1.114639525951698,8944.0
Burundi,Sub-Saharan Africa,2021,3.775,6.635,0.49,53.4,0.626,-0.024,0.607,BI,BDI,108.0,-3.5,30.0,11948454.0,17.0,14%,20.880237179487178,103.07681346153846,2373.4,4.2,3.0,3941.0,6.0,0.1522456229383405,0.0
Yemen,Middle East and North Africa,2021,3.658,7.577999999999999,0.8320000000000001,57.122,0.602,-0.147,0.8,YE,YEM,887.0,15.0,48.0,29935468.0,20.0,38%,23.9361044871795,14.333849294871785,,3.6000000000000005,4.1,6263.0,1216.0,19.415615519718987,23.0
Tanzania,Sub-Saharan Africa,2021,3.623,7.876,0.7020000000000001,57.998999999999995,0.833,0.183,0.5770000000000001,TZ,TZA,834.0,-6.0,35.0,60012400.0,18.0,37%,22.90503653846154,81.42914897435895,3032.85,,,509.0,21.0,4.12573673870334,7.0
Haiti,Latin America and Caribbean,2021,3.615,7.477,0.54,55.7,0.593,0.42200000000000004,0.721,HT,HTI,332.0,19.0,-72.4167,11426356.0,24.0,57%,25.136075641025634,116.97282163461531,,4.3,5.5,13017.0,254.0,1.9512944610893448,0.0
Malawi,Sub-Saharan Africa,2021,3.6,6.957999999999999,0.537,57.948,0.78,0.038,0.7290000000000001,MW,MWI,454.0,-13.5,34.0,19211425.0,18.0,18%,22.48867980769233,83.09760022435897,2795.8666670000002,4.1,3.0,34052.0,1147.0,3.3683777751673913,6.0
Lesotho,Sub-Saharan Africa,2021,3.512,7.926,0.787,48.7,0.715,-0.131,0.915,LS,LSO,426.0,-29.5,28.5,2145194.0,24.0,31%,13.468540512820509,60.7162543910256,,4.8,3.1,10730.0,316.0,2.9450139794967383,0.0
Botswana,Sub-Saharan Africa,2021,3.467,9.782,0.784,59.269,0.8240000000000001,-0.24600000000000002,0.8009999999999999,BW,BWA,72.0,-22.0,24.0,2359585.0,24.0,73%,22.295601923076905,31.477968621794883,3426.666667,4.7,3.1,46600.0,702.0,1.5064377682403434,1.0
Rwanda,Sub-Saharan Africa,2021,3.415,7.676,0.552,61.4,0.897,0.061,0.16699999999999998,RW,RWA,646.0,-2.0,30.0,13005303.0,20.0,18%,20.01248557692309,102.34003352564102,,3.8,3.2,24888.0,332.0,1.333976213436194,3.0
Zimbabwe,Sub-Saharan Africa,2021,3.145,7.943,0.75,56.201,0.677,-0.047,0.821,ZW,ZWE,716.0,-20.0,30.0,14899771.0,19.0,38%,22.040161217948746,51.9578423717949,3065.4,4.0,2.8,38191.0,1565.0,4.097824094681993,12.0
Afghanistan,South Asia,2021,2.523,7.695,0.46299999999999997,52.493,0.382,-0.102,0.924,AF,AFG,4.0,33.0,65.0,39074280.0,18.0,25%,13.545609455128211,26.84327012820515,3175.1,3.3000000000000003,4.0,59745.0,2625.0,4.393673110720561,1124.0
