Year,Country,Happiness Score
2005,Pakistan,5.225
2005,United Kingdom,6.984
2005,Poland,5.587000000000001
2005,Lebanon,5.4910000000000005
2005,Denmark,8.019
2005,Hungary,5.194
2005,Iran,5.308
2005,Germany,6.62
2005,Netherlands,7.4639999999999995
2005,Czech Republic,6.439
2005,Egypt,5.167999999999999
2005,Sweden,7.376
2005,Jordan,6.295
2005,Italy,6.854
2005,Mexico,6.581
2005,Saudi Arabia,7.08
2005,Romania,5.0489999999999995
2005,France,7.093
2005,Belgium,7.2620000000000005
2005,Australia,7.341
2005,Brazil,6.6370000000000005
2005,Japan,6.516
2005,Spain,7.153
2005,Greece,6.006
2005,Turkey,4.718999999999999
2005,Venezuela,7.17
2005,Canada,7.417999999999999
2006,Uruguay,5.7860000000000005
2006,Guatemala,5.901
2006,Honduras,5.397
2006,Cyprus,6.2379999999999995
2006,Uzbekistan,5.232
2006,Norway,7.416
2006,Russia,4.9639999999999995
2006,United States,7.182
2006,Portugal,5.405
2006,Thailand,5.885
2006,Austria,7.122000000000001
2006,Cuba,5.417999999999999
2006,Moldova,5.102
2006,Tanzania,3.9219999999999997
2006,Haiti,3.7539999999999996
2006,Azerbaijan,4.728
2006,Botswana,4.739
2006,Ecuador,5.024
2006,Dominican Republic,5.088
2006,Finland,7.672000000000001
2006,Estonia,5.371
2006,Uganda,3.734
2006,Palestinian Territories,4.716
2006,Nigeria,4.71
2006,France,6.582999999999999
2006,Sri Lanka,4.345
2006,Benin,3.33
2006,Belarus,5.6579999999999995
2006,Niger,3.737
2006,El Salvador,5.7010000000000005
2006,Ukraine,4.803999999999999
2006,Mozambique,4.595
2006,Panama,6.127999999999999
2006,New Zealand,7.305
2006,Georgia,3.675
2006,Paraguay,4.73
2006,Trinidad and Tobago,5.832000000000001
2006,Peru,4.811
2006,Bangladesh,4.319
2006,United Arab Emirates,6.734
2006,Togo,3.202
2006,Bolivia,5.374
2006,Nepal,4.567
2006,Ghana,4.535
2006,Philippines,4.67
2006,Nicaragua,4.46
2006,Rwanda,4.215
2006,Hong Kong S.A.R. of China,5.511
2006,Ireland,7.144
2006,Lithuania,5.954
2006,Vietnam,5.294
2006,Jamaica,6.207999999999999
2006,Kenya,4.223
2006,Zimbabwe,3.826
2006,Zambia,4.824
2006,Slovenia,5.811
2006,Colombia,6.025
2006,Singapore,6.462999999999999
2006,South Korea,5.332000000000001
2006,Kyrgyzstan,4.641
2006,Switzerland,7.473
2006,Slovakia,5.265
2006,Kuwait,6.0760000000000005
2006,Mali,4.013999999999999
2006,Argentina,6.313
2006,Lebanon,4.6530000000000005
2006,Cambodia,3.569
2006,South Africa,5.084
2006,Sierra Leone,3.628
2006,Latvia,4.71
2006,Tajikistan,4.613
2006,Chile,6.063
2006,Cameroon,3.8510000000000004
2006,Israel,7.172999999999999
2006,Malaysia,6.0120000000000005
2006,Kazakhstan,5.476
2006,Malawi,3.83
2006,Venezuela,6.525
2006,India,5.348
2006,Laos,5.0760000000000005
2006,Costa Rica,7.082000000000001
2006,Chad,3.435
2006,Madagascar,3.98
2006,Indonesia,4.947
2006,Senegal,4.417
2006,Armenia,4.289
2006,Taiwan Province of China,6.189
2006,Burkina Faso,3.801
2006,China,4.56
2007,Panama,6.894
2007,Egypt,5.541
2007,Belize,6.4510000000000005
2007,El Salvador,5.296
2007,Central African Republic,4.16
2007,South Korea,5.767
2007,Canada,7.482
2007,Turkey,5.622999999999999
2007,Palestinian Territories,4.151
2007,Cambodia,4.156000000000001
2007,Spain,6.995
2007,Cameroon,4.35
2007,Estonia,5.332000000000001
2007,Pakistan,5.671
2007,South Africa,5.204
2007,Sweden,7.2410000000000005
2007,Tajikistan,4.4319999999999995
2007,Paraguay,5.272
2007,Croatia,5.821000000000001
2007,Costa Rica,7.432
2007,Russia,5.223
2007,Brazil,6.321000000000001
2007,Romania,5.394
2007,Saudi Arabia,7.267
2007,Senegal,4.68
2007,Tanzania,4.3180000000000005
2007,Serbia,4.75
2007,Czech Republic,6.5
2007,Sierra Leone,3.585
2007,Colombia,6.138
2007,Chad,4.141
2007,Denmark,7.834
2007,Bosnia and Herzegovina,4.9
2007,Bulgaria,3.844
2007,Thailand,5.784
2007,Singapore,6.834
2007,China,4.863
2007,Dominican Republic,5.081
2007,Philippines,5.074
2007,Peru,5.2139999999999995
2007,Ecuador,4.996
2007,Bolivia,5.627999999999999
2007,Burkina Faso,4.0169999999999995
2007,Chile,5.6979999999999995
2007,Poland,5.886
2007,Jordan,5.598
2007,Niger,4.277
2007,Belgium,7.218999999999999
2007,India,5.027
2007,Malawi,4.891
2007,Malaysia,6.239
2007,Australia,7.285
2007,Hungary,4.954
2007,Mauritania,4.149
2007,Honduras,5.0969999999999995
2007,Uruguay,5.694
2007,Mexico,6.525
2007,Guyana,5.992999999999999
2007,Moldova,4.775
2007,United States,7.513
2007,Azerbaijan,4.5680000000000005
2007,Mongolia,4.609
2007,Guatemala,6.33
2007,Armenia,4.882
2007,Indonesia,5.101
2007,Lithuania,5.808
2007,Vietnam,5.422000000000001
2007,Kazakhstan,5.718999999999999
2007,Japan,6.2379999999999995
2007,Kenya,4.5760000000000005
2007,Zimbabwe,3.28
2007,Albania,4.6339999999999995
2007,Kosovo,5.104
2007,Italy,6.574
2007,Montenegro,5.196000000000001
2007,Kyrgyzstan,4.698
2007,Israel,6.841
2007,Laos,5.364
2007,Yemen,4.477
2007,Latvia,4.667
2007,Argentina,6.0729999999999995
2007,Liberia,3.701
2007,Iran,5.336
2007,Zambia,3.998
2007,Greece,6.647
2007,Sri Lanka,4.415
2007,Nigeria,4.89
2007,Ukraine,5.252000000000001
2007,Netherlands,7.452000000000001
2007,Germany,6.417000000000001
2007,Belarus,5.617000000000001
2007,Nepal,4.748
2007,Georgia,3.707
2007,Bangladesh,4.607
2007,Uganda,4.456
2007,New Zealand,7.604
2007,Namibia,4.886
2007,North Macedonia,4.494
2007,Mozambique,4.833
2007,Ghana,5.22
2007,United Kingdom,6.8020000000000005
2007,Nicaragua,4.944
2008,Lebanon,4.595
2008,Ireland,7.568
2008,Nicaragua,5.104
2008,Chile,5.789
2008,Laos,5.044
2008,El Salvador,5.191
2008,Latvia,5.145
2008,Singapore,6.642
2008,Iraq,4.59
2008,Niger,4.236000000000001
2008,China,4.846
2008,Chad,4.632
2008,Djibouti,5.0089999999999995
2008,Kyrgyzstan,4.737
2008,Jordan,4.93
2008,Pakistan,4.414
2008,Cameroon,4.292
2008,Spain,7.294
2008,Kazakhstan,5.886
2008,Japan,5.9110000000000005
2008,Estonia,5.452000000000001
2008,Finland,7.671
2008,Canada,7.486000000000001
2008,South Korea,5.39
2008,Kenya,4.015
2008,Nigeria,4.939
2008,South Africa,5.346
2008,Kosovo,5.522
2008,Italy,6.78
2008,Palestinian Territories,4.386
2008,France,7.007999999999999
2008,Israel,7.261
2008,Sierra Leone,2.997
2008,Egypt,4.632
2008,Iran,5.129
2008,Honduras,5.42
2008,Ecuador,5.297000000000001
2008,Germany,6.522
2008,Nepal,4.441
2008,Haiti,3.846
2008,Mexico,6.829
2008,Moldova,5.502999999999999
2008,Mauritania,4.248
2008,Portugal,5.7170000000000005
2008,Ghana,4.965
2008,Denmark,7.971
2008,Mongolia,4.493
2008,Guatemala,6.414
2008,Philippines,4.5889999999999995
2008,Dominican Republic,4.842
2008,Mozambique,4.654
2008,Peru,5.129
2008,Hong Kong S.A.R. of China,5.1370000000000005
2008,Russia,5.619
2008,Norway,7.632000000000001
2008,New Zealand,7.381
2008,Colombia,6.167999999999999
2008,Panama,6.931
2008,Lithuania,5.553999999999999
2008,Congo (Brazzaville),3.82
2008,Indonesia,4.815
2008,Senegal,4.683
2008,Saudi Arabia,6.811
2008,Madagascar,4.64
2008,India,5.146
2008,Georgia,4.156000000000001
2008,Netherlands,7.631
2008,Iceland,6.888
2008,Costa Rica,6.851
2008,Rwanda,4.363
2008,Paraguay,5.57
2008,Malaysia,5.807
2008,Liberia,4.221
2008,Mali,4.115
2008,Afghanistan,3.7239999999999998
2008,Argentina,5.961
2008,Azerbaijan,4.817
2008,Venezuela,6.257999999999999
2008,Burundi,3.563
2008,Uganda,4.569
2008,Zambia,4.73
2008,Tanzania,4.385
2008,Sri Lanka,4.431
2008,Brazil,6.691
2008,Armenia,4.652
2008,Belarus,5.462999999999999
2008,Ukraine,5.172000000000001
2008,United Kingdom,6.986000000000001
2008,Botswana,5.4510000000000005
2008,Tajikistan,5.064
2008,Bangladesh,5.052
2008,Sweden,7.516
2008,Burkina Faso,3.846
2008,Taiwan Province of China,5.547999999999999
2008,Australia,7.254
2008,Belgium,7.117000000000001
2008,Turkey,5.118
2008,Bolivia,5.297999999999999
2008,Togo,2.8080000000000003
2008,Trinidad and Tobago,6.696000000000001
2008,Syria,5.3229999999999995
2008,Uzbekistan,5.311
2008,Uruguay,5.664
2008,Austria,7.181
2008,Zimbabwe,3.174
2008,Thailand,5.636
2008,Vietnam,5.48
2008,Cambodia,4.462
2008,United States,7.28
2008,Benin,3.667
2009,Saudi Arabia,6.148
2009,Honduras,6.0329999999999995
2009,Moldova,5.553999999999999
2009,Serbia,4.38
2009,Bahrain,5.7010000000000005
2009,Rwanda,4.03
2009,Ghana,4.198
2009,United States,7.1579999999999995
2009,Azerbaijan,4.574
2009,United Kingdom,6.907
2009,Costa Rica,7.615
2009,Peru,5.519
2009,Greece,6.039
2009,Nepal,4.917
2009,Senegal,4.335
2009,Guatemala,6.452000000000001
2009,Brazil,7.001
2009,Congo (Kinshasa),3.984
2009,Montenegro,4.801
2009,Uruguay,6.296
2009,Comoros,3.4760000000000004
2009,Sri Lanka,4.212
2009,Croatia,5.433
2009,Denmark,7.683
2009,Estonia,5.138
2009,Turkey,5.212999999999999
2009,Poland,5.772
2009,Bosnia and Herzegovina,4.963
2009,Palestinian Territories,4.47
2009,El Salvador,6.8389999999999995
2009,Pakistan,5.207999999999999
2009,Philippines,4.88
2009,Panama,7.034
2009,Thailand,5.476
2009,Egypt,5.066
2009,Dominican Republic,5.432
2009,Tunisia,5.025
2009,Paraguay,5.5760000000000005
2009,Ecuador,6.022
2009,Djibouti,4.906000000000001
2009,Tajikistan,4.575
2009,Turkmenistan,6.568
2009,Nigeria,4.98
2009,Germany,6.641
2009,United Arab Emirates,6.8660000000000005
2009,Russia,5.1579999999999995
2009,Bangladesh,5.083
2009,Georgia,3.801
2009,Ukraine,5.166
2009,Mauritania,4.5
2009,North Macedonia,4.428
2009,Cyprus,6.832999999999999
2009,Romania,5.367999999999999
2009,Belarus,5.564
2009,Niger,4.2669999999999995
2009,Qatar,6.417999999999999
2009,France,6.2829999999999995
2009,Tanzania,3.408
2009,Uganda,4.612
2009,Nicaragua,5.353
2009,Malta,6.327999999999999
2009,Mexico,6.962999999999999
2009,Bolivia,6.086
2009,Luxembourg,6.957999999999999
2009,Venezuela,7.189
2009,Israel,7.353
2009,Ivory Coast,4.197
2009,Sweden,7.266
2009,Slovenia,5.83
2009,South Korea,5.648
2009,Indonesia,5.472
2009,Kosovo,5.891
2009,Chile,6.494
2009,Lithuania,5.4670000000000005
2009,Kuwait,6.585
2009,Vietnam,5.303999999999999
2009,Kenya,4.27
2009,Canada,7.4879999999999995
2009,Lebanon,5.206
2009,Argentina,6.4239999999999995
2009,Italy,6.334
2009,Iraq,4.775
2009,Hong Kong S.A.R. of China,5.397
2009,Chad,3.639
2009,Burundi,3.792
2009,Sudan,4.455
2009,Latvia,4.669
2009,Ireland,7.046
2009,Zambia,5.26
2009,Yemen,4.809
2009,Kyrgyzstan,5.069
2009,Somaliland region,4.9910000000000005
2009,Armenia,4.178
2009,South Africa,5.218
2009,Cambodia,4.111000000000001
2009,Japan,5.845
2009,Kazakhstan,5.382999999999999
2009,Albania,5.485
2009,Hungary,4.895
2009,Mali,3.977
2009,Syria,4.979
2009,Colombia,6.272
2009,Malaysia,5.385
2009,Switzerland,7.525
2009,Uzbekistan,5.261
2009,Singapore,6.145
2009,Malawi,5.148
2009,China,4.454
2009,Jordan,6.0
2009,India,4.522
2009,Cameroon,4.7410000000000005
2009,Zimbabwe,4.056
2009,Spain,6.199
2009,Afghanistan,4.402
2010,Uganda,4.1930000000000005
2010,Kyrgyzstan,4.996
2010,Paraguay,5.841
2010,Nigeria,4.76
2010,Belarus,5.526
2010,Finland,7.393
2010,Ecuador,5.837999999999999
2010,Jordan,5.57
2010,Afghanistan,4.758
2010,Belgium,6.854
2010,North Macedonia,4.18
2010,Tunisia,5.131
2010,Italy,6.354
2010,Kuwait,6.797999999999999
2010,Kazakhstan,5.513999999999999
2010,Pakistan,5.7860000000000005
2010,Egypt,4.669
2010,Kosovo,5.1770000000000005
2010,Turkey,5.49
2010,Panama,7.321000000000001
2010,Zimbabwe,4.6819999999999995
2010,Kenya,4.256
2010,Palestinian Territories,4.703
2010,El Salvador,6.74
2010,Japan,6.057
2010,Albania,5.269
2010,Hong Kong S.A.R. of China,5.643
2010,Niger,4.101
2010,Montenegro,5.455
2010,Armenia,4.368
2010,Mongolia,4.586
2010,Azerbaijan,4.218999999999999
2010,India,4.989
2010,Guatemala,6.29
2010,Moldova,5.59
2010,Uzbekistan,5.095
2010,United States,7.164
2010,Luxembourg,7.097
2010,Mexico,6.8020000000000005
2010,Haiti,3.766
2010,Austria,7.303
2010,Mauritania,4.772
2010,Australia,7.45
2010,Hungary,4.725
2010,Honduras,5.8660000000000005
2010,Mali,3.762
2010,Uruguay,6.062
2010,Malta,5.774
2010,Malaysia,5.58
2010,Greece,5.84
2010,Morocco,4.383
2010,Venezuela,7.478
2010,Algeria,5.4639999999999995
2010,Yemen,4.35
2010,Nicaragua,5.687
2010,Ireland,7.257000000000001
2010,New Zealand,7.224
2010,Vietnam,5.296
2010,Iraq,5.065
2010,Bangladesh,4.8580000000000005
2010,Georgia,4.102
2010,Netherlands,7.502000000000001
2010,Lebanon,5.032
2010,United Arab Emirates,7.097
2010,Argentina,6.441
2010,Germany,6.725
2010,Liberia,4.196000000000001
2010,Nepal,4.35
2010,Bahrain,5.937
2010,Lithuania,5.066
2010,Indonesia,5.457000000000001
2010,Ghana,4.606
2010,United Kingdom,7.029
2010,Israel,7.359
2010,Ukraine,5.058
2010,France,6.797999999999999
2010,Cyprus,6.3870000000000005
2010,Sweden,7.496
2010,Slovakia,6.0520000000000005
2010,South Africa,4.652
2010,Qatar,6.85
2010,Taiwan Province of China,6.229
2010,Sudan,4.435
2010,Philippines,4.942
2010,Central African Republic,3.568
2010,Syria,4.465
2010,Romania,4.909
2010,Botswana,3.553
2010,Singapore,6.531000000000001
2010,Senegal,4.372
2010,Chile,6.636
2010,Bolivia,5.781000000000001
2010,Burkina Faso,4.0360000000000005
2010,Poland,5.8870000000000005
2010,Chad,3.7430000000000003
2010,Slovenia,6.082999999999999
2010,Denmark,7.771
2010,Somaliland region,4.657
2010,Comoros,3.812
2010,Bosnia and Herzegovina,4.669
2010,Serbia,4.461
2010,Djibouti,5.006
2010,Saudi Arabia,6.307
2010,Czech Republic,6.25
2010,Croatia,5.596
2010,Spain,6.188
2010,Costa Rica,7.271
2010,Sierra Leone,4.1339999999999995
2010,Cambodia,4.141
2010,Russia,5.385
2010,Cameroon,4.553999999999999
2010,China,4.6530000000000005
2010,Portugal,5.095
2010,Tanzania,3.2289999999999996
2010,Peru,5.6129999999999995
2010,Tajikistan,4.381
2010,Dominican Republic,4.735
2010,South Korea,6.1160000000000005
2010,Thailand,6.2170000000000005
2010,Brazil,6.837000000000001
2010,Bulgaria,3.912
2010,Colombia,6.4079999999999995
2010,Canada,7.65
2010,Sri Lanka,3.977
2011,Sierra Leone,4.502
2011,Uruguay,6.553999999999999
2011,Mali,4.667
2011,Australia,7.406000000000001
2011,Hong Kong S.A.R. of China,5.474
2011,Syria,4.038
2011,Bulgaria,3.875
2011,Colombia,6.4639999999999995
2011,Malta,6.155
2011,Honduras,4.961
2011,Bolivia,5.779
2011,Comoros,3.838
2011,Ghana,5.608
2011,Mozambique,4.971
2011,Costa Rica,7.229
2011,Morocco,5.085
2011,United Kingdom,6.869
2011,Taiwan Province of China,6.309
2011,Greece,5.372000000000001
2011,Montenegro,5.223
2011,Brazil,7.037999999999999
2011,Mongolia,5.031000000000001
2011,Azerbaijan,4.68
2011,Congo (Kinshasa),4.5169999999999995
2011,Saudi Arabia,6.7
2011,Guatemala,5.742999999999999
2011,Moldova,5.792000000000001
2011,Guinea,4.045
2011,Congo (Brazzaville),4.51
2011,Mexico,6.91
2011,Senegal,3.8339999999999996
2011,Haiti,4.845
2011,Austria,7.471
2011,Mauritius,5.477
2011,Mauritania,4.785
2011,Serbia,4.815
2011,Hungary,4.918
2011,Luxembourg,7.101
2011,China,5.037
2011,Yemen,3.7460000000000004
2011,Algeria,5.317
2011,Sudan,4.314
2011,Israel,7.433
2011,Kyrgyzstan,4.921
2011,South Africa,4.931
2011,Kuwait,6.377999999999999
2011,Zambia,4.999
2011,Canada,7.426
2011,Italy,6.057
2011,Burundi,3.7060000000000004
2011,Kosovo,4.86
2011,Albania,5.867000000000001
2011,South Korea,6.947
2011,Kenya,4.405
2011,Sri Lanka,4.181
2011,Cameroon,4.434
2011,Jamaica,5.374
2011,Kazakhstan,5.736000000000001
2011,Cambodia,4.1610000000000005
2011,Zimbabwe,4.846
2011,Japan,6.263
2011,Afghanistan,3.832
2011,Spain,6.518
2011,Jordan,5.539
2011,Central African Republic,3.678
2011,Malaysia,5.7860000000000005
2011,Laos,4.704
2011,Swaziland,4.867
2011,Uzbekistan,5.739
2011,Malawi,3.946
2011,Armenia,4.26
2011,Sweden,7.382000000000001
2011,India,4.635
2011,Madagascar,4.381
2011,Singapore,6.561
2011,Rwanda,4.0969999999999995
2011,Slovakia,5.945
2011,Chile,6.526
2011,Indonesia,5.172999999999999
2011,Lithuania,5.432
2011,Venezuela,6.58
2011,Slovenia,6.0360000000000005
2011,Iran,4.768
2011,Argentina,6.776
2011,Lesotho,4.898
2011,Lebanon,5.188
2011,Somaliland region,4.931
2011,Chad,4.393
2011,Iraq,4.725
2011,Burkina Faso,4.785
2011,Vietnam,5.767
2011,Latvia,4.967
2011,Angola,5.5889999999999995
2011,Ireland,7.007000000000001
2011,Bahrain,4.824
2011,United States,7.115
2011,Djibouti,4.369
2011,Netherlands,7.564
2011,Panama,7.247999999999999
2011,Gabon,4.255
2011,Oman,6.853
2011,Georgia,4.203
2011,France,6.959
2011,Tunisia,4.876
2011,Belgium,7.111000000000001
2011,Benin,3.87
2011,Niger,4.556
2011,Romania,5.023
2011,Philippines,4.994
2011,Bangladesh,4.986000000000001
2011,Qatar,6.5920000000000005
2011,El Salvador,4.7410000000000005
2011,Ukraine,5.083
2011,New Zealand,7.191
2011,Bosnia and Herzegovina,4.995
2011,Palestinian Territories,4.751
2011,Finland,7.354
2011,Uganda,4.8260000000000005
2011,Pakistan,5.267
2011,Cyprus,6.69
2011,Estonia,5.487
2011,Denmark,7.787999999999999
2011,Tajikistan,4.263
2011,Nicaragua,5.386
2011,Belarus,5.225
2011,Poland,5.646
2011,Turkey,5.272
2011,Turkmenistan,5.792000000000001
2011,Russia,5.388999999999999
2011,Botswana,3.52
2011,Germany,6.621
2011,Croatia,5.385
2011,Paraguay,5.6770000000000005
2011,United Arab Emirates,7.119
2011,Ecuador,5.795
2011,Czech Republic,6.331
2011,Portugal,5.22
2011,Togo,2.9360000000000004
2011,Nepal,3.8089999999999997
2011,North Macedonia,4.898
2011,Egypt,4.1739999999999995
2011,Thailand,6.664
2011,Tanzania,4.074
2011,Dominican Republic,5.397
2011,Peru,5.892
2011,Trinidad and Tobago,6.519
2012,Turkey,5.309
2012,Estonia,5.364
2012,Chad,4.033
2012,Somaliland region,5.0569999999999995
2012,Turkmenistan,5.4639999999999995
2012,Lebanon,4.573
2012,Sweden,7.56
2012,North Cyprus,5.462999999999999
2012,Iraq,4.66
2012,India,4.72
2012,Lithuania,5.771
2012,Bosnia and Herzegovina,4.773
2012,Slovenia,6.063
2012,Libya,5.754
2012,Poland,5.876
2012,Slovakia,5.9110000000000005
2012,Iran,4.609
2012,Belgium,6.935
2012,Argentina,6.468
2012,Chile,6.599
2012,North Macedonia,4.64
2012,Indonesia,5.367999999999999
2012,Venezuela,7.067
2012,Norway,7.678
2012,Ethiopia,4.561
2012,Luxembourg,6.9639999999999995
2012,United Arab Emirates,7.218
2012,Philippines,5.002
2012,Latvia,5.125
2012,Kosovo,5.64
2012,Egypt,4.204
2012,Sri Lanka,4.225
2012,Kenya,4.547
2012,South Korea,6.002999999999999
2012,Cameroon,4.245
2012,Dominican Republic,4.753
2012,Thailand,6.3
2012,Kazakhstan,5.7589999999999995
2012,Bolivia,6.019
2012,Paraguay,5.82
2012,Zimbabwe,4.955
2012,Cambodia,3.8989999999999996
2012,Ecuador,5.961
2012,Japan,5.968
2012,Afghanistan,3.783
2012,Peru,5.825
2012,Jordan,5.132000000000001
2012,Spain,6.291
2012,Albania,5.51
2012,Panama,6.86
2012,Italy,5.8389999999999995
2012,Canada,7.415
2012,Burkina Faso,3.955
2012,Angola,4.36
2012,Denmark,7.52
2012,Vietnam,5.535
2012,Tanzania,4.007
2012,Suriname,6.269
2012,Ireland,6.965
2012,Sudan,4.55
2012,Laos,4.876
2012,Pakistan,5.132000000000001
2012,Palestinian Territories,4.647
2012,Kyrgyzstan,5.207999999999999
2012,El Salvador,5.934
2012,Yemen,4.061
2012,Israel,7.111000000000001
2012,Benin,3.193
2012,South Africa,5.1339999999999995
2012,Kuwait,6.221
2012,Tunisia,4.4639999999999995
2012,Zambia,5.013
2012,Algeria,5.605
2012,Armenia,4.32
2012,Madagascar,3.551
2012,New Zealand,7.25
2012,Moldova,5.996
2012,Romania,5.167000000000001
2012,Brazil,6.66
2012,Congo (Brazzaville),3.9189999999999996
2012,Guinea,3.6519999999999997
2012,Bangladesh,4.724
2012,Mexico,7.32
2012,United States,7.026
2012,Saudi Arabia,6.396
2012,Austria,7.401
2012,Haiti,4.413
2012,Comoros,3.9560000000000004
2012,Uganda,4.309
2012,Mauritania,4.673
2012,Cyprus,6.181
2012,Gabon,3.972
2012,Syria,3.1639999999999997
2012,Nicaragua,5.4479999999999995
2012,Senegal,3.6689999999999996
2012,Guatemala,5.856
2012,Georgia,4.254
2012,Netherlands,7.471
2012,Bahrain,5.027
2012,Myanmar,4.439
2012,Russia,5.621
2012,Rwanda,3.333
2012,Ghana,5.0569999999999995
2012,Germany,6.702000000000001
2012,Costa Rica,7.272
2012,Morocco,4.97
2012,Croatia,6.028
2012,Taiwan Province of China,6.126
2012,United Kingdom,6.881
2012,Nepal,4.2330000000000005
2012,Greece,5.096
2012,Montenegro,5.218999999999999
2012,Ukraine,5.03
2012,Botswana,4.836
2012,Mongolia,4.885
2012,Congo (Kinshasa),4.638999999999999
2012,Azerbaijan,4.9110000000000005
2012,Honduras,4.602
2012,Serbia,5.155
2012,Qatar,6.611000000000001
2012,Iceland,7.591
2012,Malaysia,5.914
2012,Switzerland,7.776
2012,Czech Republic,6.334
2012,Hungary,4.683
2012,China,5.095
2012,Niger,3.798
2012,Belarus,5.749
2012,Australia,7.196000000000001
2012,Portugal,4.994
2012,Nigeria,5.492999999999999
2012,Malawi,4.279
2012,France,6.649
2012,Mali,4.313
2012,Bulgaria,4.2219999999999995
2012,Tajikistan,4.497
2012,Colombia,6.375
2012,Uzbekistan,6.019
2012,Finland,7.42
2012,Malta,5.962999999999999
2012,Hong Kong S.A.R. of China,5.484
2012,Uruguay,6.45
2013,South Korea,5.959
2013,Rwanda,3.466
2013,Trinidad and Tobago,6.167999999999999
2013,Nepal,4.605
2013,Kenya,3.795
2013,Taiwan Province of China,6.34
2013,Poland,5.746
2013,Spain,6.15
2013,Sri Lanka,4.365
2013,United Kingdom,6.917999999999999
2013,Thailand,6.231
2013,Mongolia,4.913
2013,North Cyprus,5.567
2013,United Arab Emirates,6.621
2013,Uzbekistan,5.94
2013,Ukraine,4.711
2013,Nigeria,4.8180000000000005
2013,Peru,5.7829999999999995
2013,Turkmenistan,5.392
2013,Russia,5.537000000000001
2013,Zimbabwe,4.69
2013,Paraguay,5.936
2013,Luxembourg,7.131
2013,Malawi,4.035
2013,Kosovo,6.126
2013,Kazakhstan,5.835
2013,Jordan,5.172000000000001
2013,Myanmar,4.176
2013,Singapore,6.5329999999999995
2013,Montenegro,5.074
2013,Morocco,5.142
2013,Serbia,5.102
2013,Sierra Leone,4.513999999999999
2013,Slovakia,5.937
2013,New Zealand,7.28
2013,Portugal,5.1579999999999995
2013,United States,7.249
2013,Vietnam,5.023
2013,Philippines,4.977
2013,Mali,3.676
2013,Uganda,3.71
2013,Madagascar,3.8160000000000003
2013,Mauritania,4.199
2013,Slovenia,5.975
2013,Latvia,5.07
2013,Pakistan,5.138
2013,Senegal,3.647
2013,Tajikistan,4.967
2013,Turkey,4.888
2013,Malta,6.38
2013,Uruguay,6.444
2013,Venezuela,6.553
2013,Kyrgyzstan,5.402
2013,Mexico,7.443
2013,Malaysia,5.77
2013,Netherlands,7.407
2013,Nicaragua,5.772
2013,Zambia,5.244
2013,Romania,5.082
2013,Lithuania,5.596
2013,Saudi Arabia,6.495
2013,Kuwait,6.48
2013,South Africa,3.661
2013,Moldova,5.756
2013,Yemen,4.218
2013,Niger,3.716
2013,Palestinian Territories,4.843999999999999
2013,North Macedonia,5.186
2013,Tanzania,3.852
2013,Tunisia,5.246
2013,Syria,2.688
2013,Panama,6.8660000000000005
2013,Sweden,7.434
2013,Lebanon,4.9830000000000005
2013,Canada,7.593999999999999
2013,Ethiopia,4.445
2013,Guinea,3.9019999999999997
2013,Estonia,5.367000000000001
2013,Italy,6.0089999999999995
2013,Burkina Faso,3.326
2013,El Salvador,6.325
2013,Bolivia,5.767
2013,Chile,6.74
2013,Belarus,5.876
2013,Bosnia and Herzegovina,5.124
2013,Egypt,3.5589999999999997
2013,Azerbaijan,5.481
2013,Ivory Coast,3.739
2013,Iran,5.14
2013,Ecuador,6.019
2013,Armenia,4.277
2013,Honduras,4.713
2013,Guatemala,5.985
2013,Finland,7.445
2013,Germany,6.965
2013,Belgium,7.104
2013,Ireland,6.76
2013,Albania,4.551
2013,Georgia,4.349
2013,Benin,3.4789999999999996
2013,Australia,7.364
2013,Ghana,4.965
2013,Gabon,3.8
2013,Austria,7.499
2013,Iraq,4.725
2013,Cambodia,3.674
2013,France,6.667000000000001
2013,Greece,4.72
2013,Israel,7.321000000000001
2013,Chad,3.508
2013,Dominican Republic,5.016
2013,Haiti,4.622
2013,Cameroon,4.271
2013,Bhutan,5.569
2013,Angola,3.937
2013,Indonesia,5.292000000000001
2013,Jamaica,5.709
2013,Colombia,6.607
2013,Cyprus,5.439
2013,Costa Rica,7.1579999999999995
2013,Iceland,7.501
2013,Hungary,4.914
2013,Argentina,6.582000000000001
2013,Croatia,5.885
2013,Congo (Kinshasa),4.497
2013,Czech Republic,6.6979999999999995
2013,Afghanistan,3.572
2013,Botswana,4.128
2013,Congo (Brazzaville),3.955
2013,China,5.2410000000000005
2013,Bulgaria,3.9930000000000003
2013,Bahrain,6.69
2013,Denmark,7.5889999999999995
2013,India,4.428
2013,Japan,5.959
2013,Bangladesh,4.66
2013,Brazil,7.14
2014,Montenegro,5.2829999999999995
2014,Hungary,5.181
2014,Burundi,2.905
2014,Australia,7.289
2014,Myanmar,4.7860000000000005
2014,Uzbekistan,6.0489999999999995
2014,Spain,6.456
2014,Ghana,3.86
2014,Vietnam,5.085
2014,Malawi,4.563
2014,India,4.4239999999999995
2014,Namibia,4.574
2014,Cambodia,3.883
2014,Madagascar,3.676
2014,Brazil,6.981
2014,Malta,6.452000000000001
2014,Malaysia,5.962999999999999
2014,Honduras,5.056
2014,Switzerland,7.492999999999999
2014,Mauritania,4.4830000000000005
2014,Sweden,7.239
2014,Mauritius,5.648
2014,Mali,3.975
2014,Haiti,3.889
2014,Hong Kong S.A.R. of China,5.457999999999999
2014,Venezuela,6.136
2014,Belgium,6.855
2014,Greece,4.756
2014,Argentina,6.671
2014,Mexico,6.68
2014,Burkina Faso,3.4810000000000003
2014,Angola,3.795
2014,Guinea,3.412
2014,Moldova,5.917000000000001
2014,Sudan,4.138999999999999
2014,Bulgaria,4.438
2014,Armenia,4.453
2014,Mongolia,4.825
2014,Sri Lanka,4.268
2014,Turkey,5.58
2014,Guatemala,6.5360000000000005
2014,Poland,5.75
2014,Germany,6.984
2014,Azerbaijan,5.252000000000001
2014,Slovakia,6.138999999999999
2014,Ecuador,5.946000000000001
2014,Paraguay,5.119
2014,Peru,5.8660000000000005
2014,Dominican Republic,5.3870000000000005
2014,Singapore,7.062
2014,Uganda,3.77
2014,Philippines,5.313
2014,China,5.196000000000001
2014,Denmark,7.507999999999999
2014,United Arab Emirates,6.54
2014,Bahrain,6.165
2014,Czech Republic,6.484
2014,Portugal,5.127000000000001
2014,Sierra Leone,4.5
2014,Cyprus,5.627000000000001
2014,Romania,5.727
2014,Colombia,6.449
2014,Croatia,5.381
2014,Russia,6.037000000000001
2014,Serbia,5.113
2014,Costa Rica,7.247000000000001
2014,Rwanda,3.596
2014,Ukraine,4.297
2014,Congo (Kinshasa),4.414
2014,Saudi Arabia,6.278
2014,Bangladesh,4.636
2014,Congo (Brazzaville),4.056
2014,Panama,6.631
2014,Egypt,4.885
2014,United Kingdom,6.757999999999999
2014,Chile,6.843999999999999
2014,Nepal,4.975
2014,South Sudan,3.832
2014,Georgia,4.288
2014,Netherlands,7.321000000000001
2014,Turkmenistan,5.787000000000001
2014,Uruguay,6.561
2014,New Zealand,7.306
2014,South Korea,5.801
2014,Gabon,3.918
2014,Taiwan Province of China,6.3629999999999995
2014,Nicaragua,6.275
2014,Canada,7.303999999999999
2014,France,6.4670000000000005
2014,Niger,4.181
2014,Cameroon,4.24
2014,South Africa,4.828
2014,United States,7.151
2014,Austria,6.95
2014,North Cyprus,5.7860000000000005
2014,Ethiopia,4.507
2014,North Macedonia,5.204
2014,Chad,3.46
2014,Norway,7.444
2014,Somalia,5.528
2014,Estonia,5.556
2014,Pakistan,5.436
2014,Slovenia,5.678
2014,Belarus,5.812
2014,El Salvador,5.857
2014,Palestinian Territories,4.7219999999999995
2014,Finland,7.385
2014,Luxembourg,6.891
2014,Senegal,4.395
2014,Ivory Coast,3.57
2014,Israel,7.401
2014,Afghanistan,3.1310000000000002
2014,Kosovo,5.0
2014,Bhutan,4.939
2014,Kyrgyzstan,5.252000000000001
2014,Ireland,7.018
2014,Thailand,6.985
2014,Zimbabwe,4.184
2014,Kazakhstan,5.97
2014,Albania,4.814
2014,Yemen,3.968
2014,Botswana,4.031000000000001
2014,Liberia,4.571000000000001
2014,Kenya,4.905
2014,Tanzania,3.483
2014,Lithuania,6.126
2014,Iran,4.6819999999999995
2014,Indonesia,5.597
2014,Belize,5.956
2014,Jamaica,5.311
2014,Zambia,4.346
2014,Bolivia,5.865
2014,Lebanon,5.233
2014,Benin,3.347
2014,Kuwait,6.18
2014,Tunisia,4.763999999999999
2014,Jordan,5.332999999999999
2014,Latvia,5.729
2014,Togo,2.839
2014,Italy,6.027
2014,Iraq,4.542
2014,Tajikistan,4.896
2014,Algeria,6.355
2014,Japan,5.922999999999999
2014,Bosnia and Herzegovina,5.249
2015,Israel,7.079
2015,Nicaragua,5.9239999999999995
2015,South Africa,4.887
2015,Niger,3.6710000000000003
2015,Nigeria,4.933
2015,Ethiopia,4.573
2015,Canada,7.412999999999999
2015,France,6.358
2015,Kyrgyzstan,4.905
2015,Austria,7.0760000000000005
2015,North Cyprus,5.843
2015,United States,6.864
2015,Finland,7.4479999999999995
2015,Luxembourg,6.702000000000001
2015,Tanzania,3.661
2015,Tunisia,5.132000000000001
2015,Montenegro,5.125
2015,Uzbekistan,5.972
2015,Morocco,5.162999999999999
2015,Cambodia,4.162
2015,Iraq,4.493
2015,Mozambique,4.55
2015,Bosnia and Herzegovina,5.117
2015,Myanmar,4.224
2015,Spain,6.381
2015,Latvia,5.881
2015,Cameroon,5.038
2015,Zambia,4.843
2015,Germany,7.037000000000001
2015,Nepal,4.812
2015,Uruguay,6.627999999999999
2015,South Sudan,4.071000000000001
2015,Georgia,4.122
2015,Netherlands,7.324
2015,Ireland,6.83
2015,Australia,7.309
2015,South Korea,5.78
2015,Benin,3.625
2015,New Zealand,7.417999999999999
2015,Turkmenistan,5.791
2015,Gabon,4.6610000000000005
2015,Albania,4.607
2015,North Macedonia,4.976
2015,Italy,5.848
2015,Kuwait,6.146
2015,United Arab Emirates,6.568
2015,Poland,6.007000000000001
2015,Zimbabwe,3.7030000000000003
2015,Czech Republic,6.608
2015,Bahrain,6.007000000000001
2015,Portugal,5.081
2015,Sierra Leone,4.909
2015,Qatar,6.375
2015,Cyprus,5.439
2015,Kazakhstan,5.95
2015,Romania,5.777
2015,Croatia,5.205
2015,Denmark,7.513999999999999
2015,Serbia,5.318
2015,Russia,5.996
2015,Colombia,6.388
2015,Ukraine,3.965
2015,Costa Rica,6.854
2015,Togo,3.7680000000000002
2015,Rwanda,3.483
2015,Congo (Kinshasa),3.903
2015,Jordan,5.405
2015,Saudi Arabia,6.345
2015,Congo (Brazzaville),4.691
2015,Bangladesh,4.633
2015,Senegal,4.617
2015,Japan,5.88
2015,China,5.303999999999999
2015,Ivory Coast,4.445
2015,Philippines,5.547000000000001
2015,Norway,7.603
2015,Somalia,5.354
2015,Belarus,5.718999999999999
2015,Estonia,5.629
2015,Slovenia,5.7410000000000005
2015,Pakistan,4.823
2015,Greece,5.622999999999999
2015,El Salvador,6.018
2015,Bolivia,5.834
2015,Bhutan,5.082
2015,Palestinian Territories,4.695
2015,United Kingdom,6.515
2015,Kosovo,5.077
2015,Egypt,4.763
2015,Panama,6.606
2015,Thailand,6.202000000000001
2015,Azerbaijan,5.147
2015,Slovakia,6.162000000000001
2015,Ecuador,5.9639999999999995
2015,Afghanistan,3.983
2015,Paraguay,5.56
2015,Chile,6.5329999999999995
2015,Dominican Republic,5.062
2015,Peru,5.577000000000001
2015,Singapore,6.62
2015,Kenya,4.3580000000000005
2015,Uganda,4.238
2015,Chad,4.323
2015,Lebanon,5.172000000000001
2015,Ghana,3.986
2015,Malta,6.6129999999999995
2015,Syria,3.4619999999999997
2015,Iceland,7.497999999999999
2015,Bulgaria,4.865
2015,Libya,5.615
2015,Moldova,6.017
2015,Madagascar,3.593
2015,India,4.342
2015,Tajikistan,5.124
2015,Turkey,5.513999999999999
2015,Vietnam,5.0760000000000005
2015,Malaysia,6.322
2015,Haiti,3.57
2015,Honduras,4.845
2015,Lithuania,5.711
2015,Belgium,6.904
2015,Hungary,5.343999999999999
2015,Yemen,2.983
2015,Mexico,6.236000000000001
2015,Armenia,4.348
2015,Indonesia,5.043
2015,Mauritania,3.923
2015,Switzerland,7.572
2015,Liberia,2.702
2015,Malawi,3.8680000000000003
2015,Burkina Faso,4.419
2015,Taiwan Province of China,6.45
2015,Brazil,6.547000000000001
2015,Venezuela,5.569
2015,Iran,4.75
2015,Botswana,3.762
2015,Mali,4.582
2015,Guatemala,6.465
2015,Sweden,7.289
2015,Guinea,3.505
2015,Argentina,6.697
2015,Mongolia,4.9830000000000005
2015,Sri Lanka,4.612
2016,Tunisia,4.521
2016,Poland,6.162000000000001
2016,Mauritania,4.4719999999999995
2016,Central African Republic,2.693
2016,Ethiopia,4.298
2016,Benin,4.007
2016,Uganda,4.2330000000000005
2016,Bolivia,5.77
2016,Bulgaria,4.838
2016,Kyrgyzstan,4.857
2016,Thailand,6.074
2016,Sierra Leone,4.7330000000000005
2016,Venezuela,4.041
2016,Niger,4.235
2016,South Africa,4.77
2016,Portugal,5.447
2016,Zambia,4.348
2016,North Cyprus,5.827000000000001
2016,Canada,7.245
2016,Brazil,6.375
2016,Bahrain,6.17
2016,Mauritius,5.61
2016,Nigeria,5.22
2016,Zimbabwe,3.735
2016,United States,6.803999999999999
2016,Czech Republic,6.736000000000001
2016,Israel,7.159
2016,Finland,7.66
2016,North Macedonia,5.346
2016,Sweden,7.369
2016,Haiti,3.352
2016,Palestinian Territories,4.907
2016,Kenya,4.396
2016,Kosovo,5.7589999999999995
2016,Singapore,6.0329999999999995
2016,Peru,5.7010000000000005
2016,Egypt,4.5569999999999995
2016,Argentina,6.4270000000000005
2016,Italy,5.955
2016,Panama,6.117999999999999
2016,Indonesia,5.136
2016,Dominican Republic,5.239
2016,Slovakia,5.992999999999999
2016,Mali,4.016
2016,Afghanistan,4.22
2016,Ecuador,6.115
2016,Botswana,3.4989999999999997
2016,Hong Kong S.A.R. of China,5.497999999999999
2016,Chile,6.579
2016,Paraguay,5.801
2016,Honduras,5.648
2016,China,5.325
2016,Switzerland,7.459
2016,Malta,6.591
2016,Austria,7.047999999999999
2016,Kuwait,5.947
2016,Chad,4.029
2016,Somalia,4.668
2016,United Arab Emirates,6.831
2016,Norway,7.596
2016,Liberia,3.355
2016,Belarus,5.178
2016,Libya,5.434
2016,Hungary,5.449
2016,Estonia,5.65
2016,Ivory Coast,4.543
2016,Slovenia,5.937
2016,Philippines,5.431
2016,Pakistan,5.5489999999999995
2016,Lithuania,5.8660000000000005
2016,Denmark,7.558
2016,Belgium,6.949
2016,El Salvador,6.14
2016,United Kingdom,6.824
2016,France,6.475
2016,Malawi,3.4760000000000004
2016,Azerbaijan,5.303999999999999
2016,Ukraine,4.029
2016,Albania,4.511
2016,Madagascar,3.6630000000000003
2016,Uruguay,6.171
2016,Lesotho,3.8080000000000003
2016,Nepal,5.1
2016,Armenia,4.325
2016,Turkey,5.3260000000000005
2016,South Sudan,2.888
2016,Guatemala,6.359
2016,Russia,5.855
2016,Morocco,5.386
2016,Burkina Faso,4.206
2016,Taiwan Province of China,6.513
2016,Congo (Kinshasa),4.522
2016,Germany,6.874
2016,Saudi Arabia,6.474
2016,Cameroon,4.816
2016,Iraq,4.413
2016,Colombia,6.234
2016,Tajikistan,5.104
2016,Cambodia,4.461
2016,Jordan,5.271
2016,Myanmar,4.623
2016,Rwanda,3.333
2016,Spain,6.319
2016,Bosnia and Herzegovina,5.181
2016,Togo,3.8789999999999996
2016,India,4.178999999999999
2016,Bangladesh,4.556
2016,Latvia,5.94
2016,Algeria,5.341
2016,Costa Rica,7.136
2016,Ghana,4.513999999999999
2016,Moldova,5.577999999999999
2016,Serbia,5.752999999999999
2016,Georgia,4.448
2016,Iran,4.6530000000000005
2016,Iceland,7.51
2016,Mongolia,5.0569999999999995
2016,Romania,5.968999999999999
2016,Senegal,4.595
2016,Netherlands,7.541
2016,Tanzania,2.903
2016,Montenegro,5.303999999999999
2016,New Zealand,7.226
2016,Congo (Brazzaville),4.119
2016,Luxembourg,6.9670000000000005
2016,Turkmenistan,5.8870000000000005
2016,Kazakhstan,5.534
2016,Yemen,3.826
2016,South Korea,5.971
2016,Greece,5.303
2016,Uzbekistan,5.893
2016,Nicaragua,6.013
2016,Lebanon,5.271
2016,Croatia,5.417000000000001
2016,Australia,7.25
2016,Japan,5.955
2016,Ireland,7.041
2016,Vietnam,5.062
2016,Gabon,4.832
2016,Cyprus,5.795
2016,Guinea,3.603
2016,Mexico,6.824
2017,Thailand,5.939
2017,Azerbaijan,5.152
2017,Luxembourg,7.061
2017,Singapore,6.377999999999999
2017,Togo,4.361000000000001
2017,Bangladesh,4.31
2017,Chile,6.32
2017,Peru,5.711
2017,Japan,5.9110000000000005
2017,Dominican Republic,5.605
2017,Congo (Brazzaville),4.8839999999999995
2017,Senegal,4.683
2017,Saudi Arabia,6.294
2017,Kenya,4.476
2017,Jordan,4.808
2017,Cyprus,6.062
2017,Switzerland,7.474
2017,Zimbabwe,3.638
2017,Lithuania,6.273
2017,Croatia,5.343
2017,Serbia,5.122000000000001
2017,Jamaica,5.89
2017,Trinidad and Tobago,6.192
2017,Romania,6.09
2017,Brazil,6.332999999999999
2017,Iceland,7.476
2017,Malawi,3.417
2017,Portugal,5.711
2017,Sierra Leone,4.09
2017,Uganda,4.001
2017,Bahrain,6.227
2017,Botswana,3.505
2017,China,5.099
2017,Colombia,6.157
2017,Poland,6.2010000000000005
2017,Vietnam,5.175
2017,Rwanda,3.108
2017,Denmark,7.593999999999999
2017,Taiwan Province of China,6.359
2017,Congo (Kinshasa),4.311
2017,Algeria,5.249
2017,Philippines,5.593999999999999
2017,Costa Rica,7.225
2017,United Arab Emirates,7.039
2017,Kazakhstan,5.882000000000001
2017,Ivory Coast,5.038
2017,Benin,4.853
2017,Russia,5.579
2017,Belgium,6.928
2017,Czech Republic,6.79
2017,Madagascar,4.079
2017,Ukraine,4.311
2017,Hungary,6.065
2017,Greece,5.148
2017,Paraguay,5.712999999999999
2017,Guatemala,6.325
2017,Georgia,4.4510000000000005
2017,Lesotho,3.795
2017,Laos,4.623
2017,Netherlands,7.459
2017,Argentina,6.039
2017,South Korea,5.874
2017,Gambia,4.118
2017,Australia,7.257000000000001
2017,Ireland,7.06
2017,South Sudan,2.8169999999999997
2017,New Zealand,7.327000000000001
2017,Cameroon,5.074
2017,Gabon,4.782
2017,Tanzania,3.347
2017,Indonesia,5.098
2017,Nicaragua,6.476
2017,Kyrgyzstan,5.63
2017,Turkmenistan,5.229
2017,India,4.046
2017,Liberia,4.4239999999999995
2017,South Africa,4.513999999999999
2017,Mexico,6.41
2017,Nepal,4.737
2017,Uruguay,6.336
2017,Iraq,4.462
2017,Sri Lanka,4.331
2017,Uzbekistan,6.421
2017,Mongolia,5.334
2017,Montenegro,5.615
2017,Bosnia and Herzegovina,5.09
2017,Ghana,5.481
2017,Turkey,5.607
2017,Morocco,5.312
2017,Armenia,4.288
2017,Lebanon,5.154
2017,Tajikistan,5.829
2017,Mozambique,4.28
2017,Cambodia,4.586
2017,Spain,6.23
2017,Albania,4.64
2017,Yemen,3.2539999999999996
2017,Myanmar,4.154
2017,Burkina Faso,4.647
2017,Latvia,5.978
2017,Namibia,4.441
2017,Iran,4.717
2017,Moldova,5.3260000000000005
2017,Germany,7.074
2017,Niger,4.6160000000000005
2017,United States,6.992000000000001
2017,Guinea,4.874
2017,Bulgaria,5.0969999999999995
2017,Slovenia,6.167000000000001
2017,Estonia,5.938
2017,Bolivia,5.651
2017,Sweden,7.287000000000001
2017,Finland,7.787999999999999
2017,Pakistan,5.831
2017,Chad,4.559
2017,United Kingdom,7.103
2017,El Salvador,6.3389999999999995
2017,Malta,6.676
2017,Libya,5.647
2017,Palestinian Territories,4.628
2017,Kosovo,6.149
2017,Honduras,6.02
2017,Tunisia,4.124
2017,Egypt,3.929
2017,Italy,6.199
2017,Mali,4.742
2017,Panama,6.568
2017,Slovakia,6.3660000000000005
2017,Afghanistan,2.662
2017,Ecuador,5.84
2017,Hong Kong S.A.R. of China,5.362
2017,Norway,7.579
2017,Haiti,3.824
2017,France,6.635
2017,Israel,7.331
2017,Austria,7.294
2017,Canada,7.415
2017,Nigeria,5.322
2017,Belarus,5.553
2017,Mauritius,6.1739999999999995
2017,Venezuela,5.071000000000001
2017,Ethiopia,4.18
2017,Zambia,3.9330000000000003
2017,Central African Republic,3.4760000000000004
2017,Mauritania,4.678
2017,Kuwait,6.093999999999999
2017,North Macedonia,5.234
2018,Bosnia and Herzegovina,5.8870000000000005
2018,Togo,4.023
2018,Turkey,5.186
2018,Senegal,4.769
2018,Tajikistan,5.497000000000001
2018,South Africa,4.8839999999999995
2018,Chile,6.436
2018,Sri Lanka,4.435
2018,Botswana,3.4610000000000003
2018,Bulgaria,5.099
2018,Turkmenistan,4.621
2018,Bangladesh,4.499
2018,Sierra Leone,4.306
2018,Colombia,5.984
2018,Burundi,3.775
2018,Slovakia,6.235
2018,South Korea,5.84
2018,Canada,7.175
2018,Belarus,5.234
2018,Thailand,6.0120000000000005
2018,Slovenia,6.249
2018,Swaziland,4.212
2018,Serbia,5.936
2018,Bolivia,5.916
2018,Belgium,6.892
2018,Tanzania,3.445
2018,Cameroon,5.251
2018,Uganda,4.322
2018,Chad,4.486000000000001
2018,Cambodia,5.122000000000001
2018,Taiwan Province of China,6.4670000000000005
2018,Switzerland,7.5089999999999995
2018,Burkina Faso,4.927
2018,China,5.131
2018,Tunisia,4.7410000000000005
2018,Brazil,6.191
2018,Spain,6.513
2018,Singapore,6.375
2018,Sweden,7.375
2018,North Macedonia,5.24
2018,Ethiopia,4.379
2018,Gambia,4.922
2018,Vietnam,5.296
2018,Gabon,4.783
2018,New Zealand,7.37
2018,Australia,7.1770000000000005
2018,Luxembourg,7.242999999999999
2018,India,3.818
2018,Nicaragua,5.819
2018,Algeria,5.043
2018,France,6.666
2018,United States,6.882999999999999
2018,Niger,5.164
2018,Lithuania,6.309
2018,Finland,7.858
2018,Nigeria,5.252000000000001
2018,Indonesia,5.34
2018,North Cyprus,5.608
2018,Libya,5.494
2018,Mexico,6.55
2018,Benin,5.82
2018,Austria,7.396
2018,Liberia,4.135
2018,Norway,7.444
2018,Lebanon,5.167000000000001
2018,Yemen,3.0580000000000003
2018,Estonia,6.091
2018,Iran,4.2780000000000005
2018,Madagascar,4.071000000000001
2018,United Kingdom,7.233
2018,Netherlands,7.462999999999999
2018,Malawi,3.335
2018,Argentina,5.792999999999999
2018,Mauritius,5.882000000000001
2018,Guatemala,6.627000000000001
2018,Moldova,5.682
2018,Mauritania,4.314
2018,Haiti,3.615
2018,Venezuela,5.006
2018,Greece,5.409
2018,Mongolia,5.465
2018,Malta,6.91
2018,Uzbekistan,6.205
2018,Montenegro,5.65
2018,Honduras,5.9079999999999995
2018,Ghana,5.004
2018,Morocco,4.897
2018,Mozambique,4.654
2018,Mali,4.416
2018,Comoros,3.9730000000000003
2018,Maldives,5.1979999999999995
2018,Armenia,5.062
2018,Myanmar,4.4110000000000005
2018,Malaysia,5.3389999999999995
2018,Hungary,5.936
2018,Namibia,4.834
2018,Uruguay,6.372000000000001
2018,Germany,7.117999999999999
2018,Nepal,4.91
2018,Georgia,4.659
2018,Pakistan,5.472
2018,Guinea,5.252000000000001
2018,Zimbabwe,3.616
2018,Romania,6.151
2018,Dominican Republic,5.433
2018,Portugal,5.92
2018,Kyrgyzstan,5.297000000000001
2018,Israel,6.9270000000000005
2018,Rwanda,3.5610000000000004
2018,Peru,5.68
2018,Afghanistan,2.694
2018,El Salvador,6.2410000000000005
2018,Russia,5.513999999999999
2018,Zambia,4.041
2018,Costa Rica,7.141
2018,Ukraine,4.662
2018,Denmark,7.649
2018,Kazakhstan,6.007999999999999
2018,Poland,6.111000000000001
2018,Philippines,5.869
2018,Czech Republic,7.034
2018,Kosovo,6.392
2018,Croatia,5.5360000000000005
2018,Jordan,4.638999999999999
2018,Kenya,4.656000000000001
2018,Ivory Coast,5.268
2018,Palestinian Territories,4.553999999999999
2018,Albania,5.004
2018,Latvia,5.901
2018,Saudi Arabia,6.356
2018,Azerbaijan,5.167999999999999
2018,Egypt,4.005
2018,Iraq,4.886
2018,Italy,6.517
2018,Panama,6.281000000000001
2018,Congo (Brazzaville),5.49
2018,Laos,4.859
2018,Japan,5.794
2018,Ecuador,6.127999999999999
2018,Ireland,6.962000000000001
2018,Cyprus,6.276
2018,United Arab Emirates,6.604
2019,Hong Kong S.A.R. of China,5.659
2019,Thailand,6.022
2019,Malaysia,5.428
2019,Albania,4.995
2019,Kazakhstan,6.272
2019,Bulgaria,5.1080000000000005
2019,Togo,4.178999999999999
2019,Mauritius,6.2410000000000005
2019,Mauritania,4.1530000000000005
2019,Japan,5.9079999999999995
2019,Jordan,4.453
2019,Ivory Coast,5.392
2019,Venezuela,5.081
2019,Sweden,7.398
2019,Malta,6.733
2019,Switzerland,7.694
2019,Jamaica,6.309
2019,Honduras,5.93
2019,Mali,4.988
2019,Zimbabwe,2.694
2019,Kenya,4.619
2019,Iceland,7.5329999999999995
2019,Italy,6.445
2019,Lithuania,6.064
2019,Kyrgyzstan,5.685
2019,Indonesia,5.347
2019,Libya,5.33
2019,Ireland,7.255
2019,Liberia,5.121
2019,Tanzania,3.64
2019,Bosnia and Herzegovina,6.016
2019,Lesotho,3.512
2019,Lebanon,4.024
2019,Tajikistan,5.4639999999999995
2019,Latvia,5.97
2019,Iran,5.006
2019,Yemen,4.197
2019,Laos,5.197
2019,Hungary,6.0
2019,Tunisia,4.315
2019,Kuwait,6.106
2019,Belgium,6.772
2019,Brazil,6.4510000000000005
2019,Algeria,4.745
2019,Malawi,3.8689999999999998
2019,Kosovo,6.425
2019,Madagascar,4.3389999999999995
2019,Taiwan Province of China,6.537000000000001
2019,Afghanistan,2.375
2019,Botswana,3.471
2019,Vietnam,5.4670000000000005
2019,Luxembourg,7.404
2019,Israel,7.332000000000001
2019,Bolivia,5.6739999999999995
2019,India,3.2489999999999997
2019,Zambia,3.307
2019,Comoros,4.609
2019,Turkey,4.872
2019,Mexico,6.432
2019,Bangladesh,5.114
2019,Chile,5.942
2019,Dominican Republic,6.004
2019,Paraguay,5.653
2019,Ecuador,5.809
2019,Panama,6.086
2019,Slovakia,6.242999999999999
2019,Egypt,4.328
2019,Palestinian Territories,4.4830000000000005
2019,Chad,4.251
2019,El Salvador,6.455
2019,Pakistan,4.4430000000000005
2019,United Kingdom,7.157
2019,Estonia,6.035
2019,Slovenia,6.665
2019,Norway,7.442
2019,Austria,7.195
2019,Guinea,4.768
2019,Ethiopia,4.1
2019,Singapore,6.377999999999999
2019,Peru,5.999
2019,Azerbaijan,5.172999999999999
2019,United Arab Emirates,6.711
2019,Saudi Arabia,6.561
2019,Senegal,5.489
2019,Congo (Brazzaville),5.212999999999999
2019,Colombia,6.35
2019,Rwanda,3.2680000000000002
2019,Russia,5.441
2019,Costa Rica,6.997999999999999
2019,Romania,6.13
2019,Serbia,6.2410000000000005
2019,North Cyprus,5.4670000000000005
2019,Uganda,4.948
2019,Ukraine,4.702
2019,China,5.144
2019,Cyprus,6.1370000000000005
2019,Bahrain,7.098
2019,Portugal,6.095
2019,Sierra Leone,3.447
2019,Poland,6.242000000000001
2019,Philippines,6.268
2019,Denmark,7.693
2019,Croatia,5.626
2019,Turkmenistan,5.474
2019,North Macedonia,5.015
2019,Cambodia,4.998
2019,Belarus,5.821000000000001
2019,Canada,7.109
2019,Germany,7.035
2019,Myanmar,4.434
2019,Armenia,5.4879999999999995
2019,Spain,6.457000000000001
2019,Mozambique,4.9319999999999995
2019,Morocco,5.0569999999999995
2019,Ghana,4.967
2019,Montenegro,5.386
2019,Uzbekistan,6.154
2019,Mongolia,5.563
2019,Sri Lanka,4.213
2019,Greece,5.952000000000001
2019,Burkina Faso,4.7410000000000005
2019,Moldova,5.803
2019,Guatemala,6.2620000000000005
2019,Argentina,6.086
2019,Swaziland,4.396
2019,Namibia,4.436
2019,Uruguay,6.6
2019,Benin,4.976
2019,Georgia,4.8919999999999995
2019,Netherlands,7.425
2019,Nigeria,4.356
2019,South Korea,5.903
2019,Gambia,5.164
2019,Finland,7.78
2019,Niger,5.004
2019,United States,6.944
2019,Gabon,4.914
2019,Nicaragua,6.1129999999999995
2019,France,6.69
2019,New Zealand,7.205
2019,South Africa,5.035
2019,Cameroon,4.937
2019,Australia,7.234
2019,Nepal,5.449
2020,Argentina,5.901
2020,Venezuela,4.574
2020,Bahrain,6.172999999999999
2020,United States,7.028
2020,Austria,7.212999999999999
2020,Australia,7.1370000000000005
2020,United Kingdom,6.797999999999999
2020,Ukraine,5.27
2020,Turkey,4.862
2020,Tunisia,4.731
2020,Zambia,4.838
2020,Uruguay,6.31
2020,Bangladesh,5.28
2020,United Arab Emirates,6.457999999999999
2020,Belgium,6.8389999999999995
2020,Uganda,4.641
2020,Albania,5.365
2020,Japan,6.117999999999999
2020,Ethiopia,4.5489999999999995
2020,Malta,6.157
2020,Denmark,7.515
2020,Philippines,5.08
2020,Hong Kong S.A.R. of China,5.295
2020,Czech Republic,6.897
2020,Poland,6.138999999999999
2020,Cyprus,6.26
2020,Portugal,5.768
2020,Hungary,6.037999999999999
2020,Dominican Republic,5.167999999999999
2020,Croatia,6.507999999999999
2020,Russia,5.495
2020,India,4.225
2020,Saudi Arabia,6.56
2020,Lithuania,6.391
2020,Colombia,5.709
2020,Serbia,6.042000000000001
2020,China,5.771
2020,Chile,6.151
2020,Zimbabwe,3.16
2020,Iceland,7.575
2020,Slovakia,6.519
2020,Ecuador,5.354
2020,Egypt,4.4719999999999995
2020,Myanmar,4.431
2020,Georgia,5.122999999999999
2020,Germany,7.312
2020,Netherlands,7.504
2020,New Zealand,7.257000000000001
2020,Morocco,4.803
2020,Ghana,5.319
2020,France,6.7139999999999995
2020,Montenegro,5.722
2020,Mauritius,6.015
2020,Finland,7.888999999999999
2020,Mongolia,6.011
2020,Benin,4.408
2020,Greece,5.787999999999999
2020,North Macedonia,5.053999999999999
2020,Estonia,6.452999999999999
2020,Norway,7.29
2020,Moldova,5.812
2020,El Salvador,5.462000000000001
2020,Mexico,5.9639999999999995
2020,Nigeria,5.502999999999999
2020,Iran,4.865
2020,Namibia,4.4510000000000005
2020,Bosnia and Herzegovina,5.516
2020,Spain,6.502000000000001
2020,Ivory Coast,5.257000000000001
2020,Ireland,7.035
2020,Cambodia,4.377
2020,Kyrgyzstan,6.25
2020,Israel,7.195
2020,Sweden,7.314
2020,Laos,5.284
2020,South Korea,5.792999999999999
2020,Tajikistan,5.372999999999999
2020,Brazil,6.11
2020,Taiwan Province of China,6.751
2020,Kazakhstan,6.167999999999999
2020,Bolivia,5.559
2020,Cameroon,5.2410000000000005
2020,Tanzania,3.786
2020,Slovenia,6.462000000000001
2020,Jordan,4.093999999999999
2020,Latvia,6.229
2020,Switzerland,7.507999999999999
2020,Thailand,5.885
2020,Iraq,4.785
2020,Italy,6.4879999999999995
2020,Kenya,4.547
2020,Kosovo,6.294
2020,Canada,7.025
2020,South Africa,4.947
2020,Bulgaria,5.598
2021,Italy,6.483
2021,Mexico,6.317
2021,Argentina,5.928999999999999
2021,Greece,5.723
2021,Guatemala,6.435
2021,Moldova,5.766
2021,Iran,4.721
2021,Uzbekistan,6.178999999999999
2021,Ivory Coast,5.306
2021,Mongolia,5.6770000000000005
2021,Ghana,5.088
2021,Montenegro,5.581
2021,Kazakhstan,6.152
2021,Morocco,4.918
2021,Mozambique,4.794
2021,Germany,7.155
2021,Armenia,5.2829999999999995
2021,Jamaica,6.309
2021,Jordan,4.395
2021,Kenya,4.607
2021,Guinea,4.984
2021,Afghanistan,2.523
2021,Kosovo,6.372000000000001
2021,Iceland,7.553999999999999
2021,Uruguay,6.431
2021,Vietnam,5.4110000000000005
2021,Laos,5.03
2021,India,3.819
2021,Lithuania,6.255
2021,Madagascar,4.208
2021,Iraq,4.854
2021,Indonesia,5.345
2021,Libya,5.41
2021,Liberia,4.625
2021,Lesotho,3.512
2021,Lebanon,4.584
2021,Latvia,6.032
2021,Albania,5.117
2021,Kyrgyzstan,5.744
2021,Malawi,3.6
2021,Hungary,5.992000000000001
2021,Mauritania,4.227
2021,Haiti,3.615
2021,Malta,6.602
2021,Yemen,3.658
2021,Zambia,4.073
2021,Venezuela,4.8919999999999995
2021,Honduras,5.919
2021,Mali,4.723
2021,Israel,7.157
2021,Kuwait,6.106
2021,Hong Kong S.A.R. of China,5.477
2021,Ireland,7.085
2021,Maldives,5.1979999999999995
2021,Malaysia,5.3839999999999995
2021,Algeria,4.887
2021,Mauritius,6.0489999999999995
2021,Luxembourg,7.324
2021,Togo,4.107
2021,Namibia,4.574
2021,Cameroon,5.142
2021,South Africa,4.956
2021,Turkmenistan,5.066
2021,Canada,7.103
2021,Slovenia,6.461
2021,Chad,4.355
2021,Slovakia,6.331
2021,Bangladesh,5.025
2021,South Korea,5.845
2021,Singapore,6.377000000000001
2021,Sierra Leone,3.8489999999999998
2021,China,5.3389999999999995
2021,Serbia,6.077999999999999
2021,Uganda,4.636
2021,Senegal,5.132000000000001
2021,Colombia,6.0120000000000005
2021,Comoros,4.289
2021,Saudi Arabia,6.494
2021,Chile,6.172000000000001
2021,Cambodia,4.83
2021,Belarus,5.534
2021,Turkey,4.948
2021,Benin,5.045
2021,Thailand,5.985
2021,Tanzania,3.623
2021,Bolivia,5.716
2021,Tajikistan,5.466
2021,Bosnia and Herzegovina,5.813
2021,Taiwan Province of China,6.584
2021,Botswana,3.467
2021,Tunisia,4.596
2021,Belgium,6.834
2021,Brazil,6.33
2021,Switzerland,7.571000000000001
2021,Sweden,7.3629999999999995
2021,Bulgaria,5.266
2021,Swaziland,4.308
2021,Burkina Faso,4.834
2021,Sri Lanka,4.325
2021,Burundi,3.775
2021,Spain,6.4910000000000005
2021,Bahrain,6.647
2021,Congo (Brazzaville),5.3420000000000005
2021,Rwanda,3.415
2021,Russia,5.477
2021,United Kingdom,7.064
2021,Austria,7.268
2021,Estonia,6.189
2021,North Macedonia,5.101
2021,North Cyprus,5.5360000000000005
2021,Ethiopia,4.275
2021,Nigeria,4.7589999999999995
2021,Niger,5.074
2021,Finland,7.8420000000000005
2021,Nicaragua,5.972
2021,United States,6.9510000000000005
2021,Australia,7.183
2021,France,6.69
2021,New Zealand,7.277
2021,Gabon,4.852
2021,Gambia,5.051
2021,Netherlands,7.4639999999999995
2021,Nepal,5.269
2021,Georgia,4.891
2021,Norway,7.392
2021,Myanmar,4.426
2021,El Salvador,6.061
2021,Egypt,4.283
2021,Costa Rica,7.069
2021,Romania,6.14
2021,Croatia,5.882000000000001
2021,Ukraine,4.875
2021,Portugal,5.928999999999999
2021,Cyprus,6.223
2021,Poland,6.166
2021,Japan,5.94
2021,Czech Republic,6.965
2021,Philippines,5.88
2021,Denmark,7.62
2021,United Arab Emirates,6.561
2021,Azerbaijan,5.171
2021,Peru,5.84
2021,Dominican Republic,5.545
2021,Paraguay,5.653
2021,Ecuador,5.763999999999999
2021,Panama,6.18
2021,Palestinian Territories,4.5169999999999995
2021,Pakistan,4.934
2021,Zimbabwe,3.145
