Country,Alpha-2 code,Covid Deaths,Covid Cases,Covid Cases per Mil Pop,Covid Death Rate
Afghanistan,AF,2625.0,59745.0,1124.0,4.393673110720562
Albania,AL,2386.0,130859.0,18.0,1.8233365683674796
Algeria,DZ,3234.0,121580.0,20.0,2.6599769698963645
American Samoa,AS,0.0,0.0,0.0,
Andorra,AD,125.0,13148.0,24.0,0.9507149376331001
Angola,AO,591.0,26168.0,24.0,2.2584836441455214
Anguilla,AI,0.0,91.0,0.0,0.0
Antarctica,AQ,0.0,0.0,0.0,
Antigua and Barbuda,AG,32.0,1232.0,1.0,2.5974025974025974
Argentina,AR,62947.0,2928890.0,5178.0,2.1491759676874174
Armenia,AM,4087.0,215528.0,0.0,1.8962733380349654
Aruba,AW,98.0,10585.0,14.0,0.9258384506376949
Australia,AU,910.0,29777.0,1.0,3.0560499714544784
Austria,AT,10179.0,616739.0,496.0,1.650455054731418
Azerbaijan,AZ,4461.0,316521.0,0.0,1.4093851592785314
Bahamas,BS,198.0,10349.0,4.0,1.9132283312397333
Bahrain,BH,632.0,174659.0,104.0,0.3618479437074528
Bangladesh,BD,11305.0,754614.0,0.0,1.4981169180534684
Barbados,BB,44.0,3838.0,0.0,1.1464304325169359
Belarus,BY,2522.0,355924.0,0.0,0.7085782358031489
Belgium,BE,24140.0,982959.0,892.0,2.4558501422745
Belize,BZ,323.0,12639.0,1.0,2.555581928950075
Benin,BJ,99.0,7821.0,35.0,1.2658227848101267
Bermuda,BM,24.0,2374.0,28.0,1.0109519797809603
Bhutan,BT,1.0,1059.0,0.0,0.09442870632672333
"Bolivia, Plurinational State of",BO,12920.0,301831.0,71.0,4.280541097501582
Bolivia,BO,12920.0,301831.0,71.0,4.280541097501582
Bosnia and Herzegovina,BA,8464.0,197378.0,0.0,4.288218545126609
Botswana,BW,702.0,46600.0,1.0,1.5064377682403434
Bouvet Island,BV,0.0,0.0,0.0,
Brazil,BR,398343.0,14523807.0,8318.0,2.742689984795309
British Indian Ocean Territory,IO,0.0,0.0,0.0,
Brunei Darussalam,BN,3.0,224.0,0.0,1.3392857142857142
Brunei,BN,3.0,224.0,0.0,1.3392857142857142
Bulgaria,BG,16278.0,402491.0,697.0,4.044314034351078
Burkina Faso,BF,157.0,13286.0,0.0,1.1816950173114558
Burundi,BI,6.0,3941.0,0.0,0.1522456229383405
Cambodia,KH,88.0,11761.0,0.0,0.7482356942436869
Cameroon,CM,991.0,65998.0,385.0,1.5015606533531318
Canada,CA,24117.0,1202737.0,1355.0,2.005176526539052
Cape Verde,CV,0.0,0.0,0.0,
Cayman Islands,KY,2.0,542.0,0.0,0.36900369003690037
Central African Republic,CF,87.0,6359.0,2.0,1.3681396445982072
Chad,TD,170.0,4789.0,0.0,3.5498016287325123
Chile,CL,26073.0,1184271.0,3376.0,2.2016075712400287
China,CN,4636.0,90642.0,3.0,5.114626773460427
Christmas Island,CX,0.0,0.0,0.0,
Cocos (Keeling) Islands,CC,0.0,0.0,0.0,
Colombia,CO,72725.0,2824626.0,6006.0,2.5746771430978828
Comoros,KM,146.0,3833.0,0.0,3.8090268719019043
Congo,CG,144.0,10678.0,0.0,1.3485671474058814
"Congo, the Democratic Republic of the",CD,763.0,29768.0,0.0,2.5631550658425155
Cook Islands,CK,0.0,0.0,0.0,
Costa Rica,CR,3202.0,245601.0,351.0,1.303740619948616
CÃ´te d'Ivoire,CI,0.0,0.0,0.0,
Ivory Coast,CI,0.0,0.0,0.0,
Croatia,HR,7001.0,327737.0,253.0,2.136164058376076
Cuba,CU,614.0,104512.0,70.0,0.5874923453766074
Cyprus,CY,306.0,64565.0,75.0,0.4739409897003021
Czech Republic,CZ,29213.0,1628536.0,622.0,1.7938197252010395
Denmark,DK,2481.0,249785.0,36.0,0.9932541986108052
Djibouti,DJ,142.0,10986.0,0.0,1.2925541598397963
Dominica,DM,0.0,173.0,0.0,0.0
Dominican Republic,DO,3467.0,265819.0,191.0,1.3042709512864017
Ecuador,EC,18470.0,377662.0,618.0,4.8906164771674145
Egypt,EG,13219.0,225528.0,90.0,5.861356461281969
El Salvador,SV,2120.0,69198.0,31.0,3.0636723604728457
Equatorial Guinea,GQ,112.0,7694.0,7.0,1.4556797504549
Eritrea,ER,10.0,3659.0,0.0,0.2732987154960372
Estonia,EE,1148.0,121657.0,57.0,0.9436366177038724
Ethiopia,ET,3639.0,255288.0,940.0,1.4254489047663814
Falkland Islands (Malvinas),FK,0.0,63.0,0.0,0.0
Faroe Islands,FO,0.0,0.0,0.0,
Fiji,FJ,2.0,116.0,0.0,1.7241379310344827
Finland,FI,913.0,86613.0,34.0,1.0541142784570445
France,FR,103918.0,5565852.0,5879.0,1.8670636588971463
French Guiana,GF,100.0,19264.0,20.0,0.5191029900332226
French Polynesia,PF,141.0,18746.0,3.0,0.752160460898325
French Southern Territories,TF,0.0,0.0,0.0,
Gabon,GA,138.0,22818.0,21.0,0.6047856955035499
Gambia,GM,174.0,5885.0,3.0,2.9566694987255735
Georgia,GE,4095.0,308834.0,0.0,1.3259550438099432
Germany,DE,83018.0,3351474.0,5049.0,2.477059347618391
Ghana,GH,779.0,92513.0,8.0,0.8420438208684186
Gibraltar,GI,94.0,4283.0,1.0,2.194723324772356
Greece,GR,10242.0,340493.0,805.0,3.007991353713586
Greenland,GL,0.0,31.0,0.0,0.0
Grenada,GD,1.0,160.0,0.0,0.625
Guadeloupe,GP,198.0,14555.0,18.0,1.3603572655444864
Guam,GU,1.0,32.0,190.0,3.125
Guatemala,GT,7478.0,224621.0,5.0,3.3291633462588095
Guernsey,GG,0.0,0.0,0.0,
Guinea,GN,144.0,22152.0,24.0,0.6500541711809318
Guinea-Bissau,GW,67.0,3731.0,9.0,1.7957652103993569
Guyana,GY,293.0,12963.0,13.0,2.260279256344982
Haiti,HT,254.0,13017.0,0.0,1.9512944610893448
Heard Island and McDonald Islands,HM,0.0,0.0,0.0,
Holy See (Vatican City State),VA,0.0,27.0,0.0,0.0
Honduras,HN,5223.0,209490.0,596.0,2.4931977660031506
Hong Kong,HK,209.0,11771.0,3.0,1.7755500807068219
Hungary,HU,27358.0,776983.0,662.0,3.521055158220965
Iceland,IS,29.0,6456.0,4.0,0.4491945477075589
India,IN,204832.0,18376524.0,8944.0,1.114639525951698
Indonesia,ID,45334.0,1662868.0,0.0,2.7262536773814876
"Iran, Islamic Republic of",IR,71351.0,2479805.0,5367.0,2.8772826895663166
Iraq,IQ,15392.0,1051868.0,560.0,1.4633014788927887
Ireland,IE,4896.0,247857.0,44.0,1.9753325506239487
Isle of Man,IM,29.0,1587.0,1.0,1.8273471959672338
Israel,IL,6361.0,838372.0,118.0,0.7587324004141359
Italy,IT,120256.0,3994894.0,2711.0,3.0102425746465364
Jamaica,JM,770.0,45292.0,30.0,1.7000794842356268
Japan,JP,10055.0,575563.0,953.0,1.746985125868063
Jersey,JE,0.0,0.0,0.0,
Jordan,JO,8754.0,708265.0,729.0,1.235978059059815
Kazakhstan,KZ,3638.0,316965.0,221.0,1.1477607937784928
Kenya,KE,2688.0,158326.0,18.0,1.6977628437527634
Kiribati,KI,0.0,0.0,0.0,
"Korea, Democratic People's Republic of",KP,0.0,0.0,0.0,
"Korea, Republic of",KR,1825.0,121351.0,157.0,1.5039019043930417
South Korea,KR,1825.0,121351.0,157.0,1.5039019043930417
Kuwait,KW,1546.0,271145.0,216.0,0.570174629810618
Kyrgyzstan,KG,1598.0,94944.0,25.0,1.683097404785979
Lao People's Democratic Republic,LA,0.0,672.0,0.0,0.0
Latvia,LV,2125.0,117795.0,84.0,1.8039814932722102
Lebanon,LB,7224.0,524241.0,601.0,1.3779921829845434
Lesotho,LS,316.0,10730.0,0.0,2.945013979496738
Liberia,LR,85.0,2099.0,2.0,4.049547403525489
Libyan Arab Jamahiriya,LY,3019.0,176701.0,0.0,1.7085358883084985
Libya,LY,3019.0,176701.0,0.0,1.7085358883084985
Liechtenstein,LI,57.0,2908.0,6.0,1.9601100412654746
Lithuania,LT,3916.0,245896.0,225.0,1.5925431889904675
Luxembourg,LU,792.0,66826.0,30.0,1.18516744979499
Macao,MO,0.0,49.0,0.0,0.0
"Macedonia, the former Yugoslav Republic of",MK,4772.0,151569.0,124.0,3.148401058263893
Madagascar,MG,637.0,36696.0,493.0,1.735884020056682
Malawi,MW,1147.0,34052.0,6.0,3.368377775167391
Malaysia,MY,1492.0,404925.0,309.0,0.368463295672038
Maldives,MV,72.0,29052.0,90.0,0.24783147459727387
Mali,ML,477.0,13780.0,0.0,3.4615384615384617
Malta,MT,413.0,30249.0,0.0,1.3653343912195444
Marshall Islands,MH,0.0,4.0,0.0,0.0
Martinique,MQ,75.0,11253.0,33.0,0.6664889362836577
Mauritania,MR,455.0,18346.0,14.0,2.4801046549656602
Mauritius,MU,17.0,1208.0,0.0,1.4072847682119205
Mayotte,YT,170.0,20055.0,6.0,0.8476689104961357
Mexico,MX,215918.0,2336944.0,4798.0,9.239331366091786
"Micronesia, Federated States of",FM,0.0,0.0,0.0,
"Moldova, Republic of",MD,5780.0,250138.0,213.0,2.310724480086992
Monaco,MC,32.0,2447.0,2.0,1.3077237433592153
Mongolia,MN,102.0,34623.0,109.0,0.29460185425872976
Montenegro,ME,1485.0,97080.0,69.0,1.5296662546353523
Montserrat,MS,1.0,20.0,0.0,5.0
Morocco,MA,9015.0,510465.0,201.0,1.7660368487555465
Mozambique,MZ,814.0,69804.0,43.0,1.1661222852558593
Myanmar,MM,3209.0,142790.0,0.0,2.2473562574409973
Burma,MM,3209.0,142790.0,0.0,2.2473562574409973
Namibia,,,,,
Nauru,NR,0.0,0.0,0.0,
Nepal,NP,3211.0,312699.0,0.0,1.0268660916728227
Netherlands,NL,17104.0,1481323.0,824.0,1.1546435179903372
Netherlands Antilles,,,,,
New Caledonia,NC,0.0,124.0,0.0,0.0
New Zealand,NZ,26.0,2613.0,0.0,0.9950248756218906
Nicaragua,NI,182.0,6898.0,0.0,2.638445926355465
Niger,NE,191.0,5224.0,18.0,3.6562021439509955
Nigeria,NG,2063.0,164993.0,11.0,1.250356075712303
Niue,NU,0.0,0.0,0.0,
Norfolk Island,NF,0.0,0.0,0.0,
Northern Mariana Islands,MP,0.0,0.0,0.0,
Norway,NO,753.0,112156.0,40.0,0.671386283390991
Oman,OM,2010.0,193253.0,275.0,1.040087346638862
Pakistan,PK,17680.0,815711.0,5263.0,2.167434299647792
Palau,PW,0.0,0.0,0.0,
"Palestinian Territory, Occupied",PS,3206.0,294550.0,145.0,1.0884399932099813
Panama,PA,6222.0,363895.0,105.0,1.7098338806523858
Papua New Guinea,PG,107.0,10915.0,0.0,0.9803023362345396
Paraguay,PY,6196.0,274170.0,537.0,2.259911733595944
Peru,PE,60742.0,1783339.0,2633.0,3.4060826348776088
Philippines,PH,17145.0,1028738.0,750.0,1.6666051025625572
Pitcairn,PN,0.0,0.0,0.0,
Poland,PL,67073.0,2785353.0,2895.0,2.4080610249401064
Portugal,PT,16973.0,835563.0,88.0,2.031324986865144
Puerto Rico,PR,2.0,39.0,14.0,5.128205128205128
Qatar,QA,445.0,204289.0,383.0,0.21782866429421063
RÃ©union,RE,148.0,20381.0,36.0,0.7261665276482999
Romania,RO,27971.0,1053629.0,1295.0,2.6547295110518028
Russian Federation,RU,109731.0,4796557.0,2300.0,2.287703450620935
Russia,RU,109731.0,4796557.0,2300.0,2.287703450620935
Rwanda,RW,332.0,24888.0,3.0,1.333976213436194
"Saint Helena, Ascension and Tristan da Cunha",SH,0.0,0.0,0.0,
Saint Kitts and Nevis,KN,0.0,44.0,0.0,0.0
Saint Lucia,LC,74.0,4508.0,0.0,1.6415261756876662
Saint Pierre and Miquelon,PM,0.0,25.0,0.0,0.0
Saint Vincent and the Grenadines,VC,0.0,0.0,0.0,
Saint Vincent & the Grenadines,VC,0.0,0.0,0.0,
St. Vincent and the Grenadines,VC,0.0,0.0,0.0,
Samoa,WS,0.0,3.0,0.0,0.0
San Marino,SM,90.0,5059.0,4.0,1.7790077090334058
Sao Tome and Principe,ST,35.0,2301.0,0.0,1.521077792264233
Saudi Arabia,SA,6935.0,415281.0,1298.0,1.6699535976844593
Senegal,SN,1107.0,40249.0,10.0,2.7503788914010285
Serbia,RS,6312.0,685937.0,161.0,0.9202011263425066
Seychelles,SC,26.0,5456.0,0.0,0.47653958944281527
Sierra Leone,SL,79.0,4049.0,0.0,1.9510990367992098
Singapore,SG,30.0,61121.0,0.0,0.049082966574499766
Slovakia,SK,11647.0,381744.0,327.0,3.0509975271386063
Slovenia,SI,4243.0,239339.0,157.0,1.7727992512712092
Solomon Islands,SB,0.0,20.0,0.0,0.0
Somalia,SO,713.0,13915.0,0.0,5.12396694214876
South Africa,ZA,54285.0,1578450.0,546.0,3.4391333269980042
South Georgia and the South Sandwich Islands,GS,0.0,0.0,0.0,
South Sudan,SS,114.0,10553.0,0.0,1.0802615370036956
Spain,ES,77943.0,3504799.0,2316.0,2.2238935813437517
Sri Lanka,LK,661.0,104953.0,0.0,0.6298057225615276
Sudan,SD,2349.0,33104.0,0.0,7.0958192363460615
Suriname,SR,201.0,10218.0,21.0,1.9671168526130358
Svalbard and Jan Mayen,SJ,0.0,0.0,0.0,
Swaziland,SZ,0.0,0.0,0.0,
Sweden,SE,14000.0,960520.0,392.0,1.4575438304251862
Switzerland,CH,10617.0,656077.0,246.0,1.6182551743164293
Syrian Arab Republic,SY,1572.0,22513.0,0.0,6.982632256918225
"Taiwan, Province of China",TW,12.0,1121.0,0.0,1.070472792149866
Taiwan,TW,12.0,1121.0,0.0,1.070472792149866
Tajikistan,TJ,90.0,13308.0,0.0,0.6762849413886384
"Tanzania, United Republic of",TZ,21.0,509.0,7.0,4.12573673870334
Thailand,TH,188.0,63570.0,1.0,0.29573698285354727
Timor-Leste,TL,3.0,2124.0,0.0,0.14124293785310735
Togo,TG,122.0,12898.0,0.0,0.9458830826484725
Tokelau,TK,0.0,0.0,0.0,
Tonga,TO,0.0,0.0,0.0,
Trinidad and Tobago,TT,163.0,10170.0,8.0,1.6027531956735497
Tunisia,TN,10563.0,305313.0,523.0,3.459728213341718
Turkey,TR,39398.0,4751026.0,3558.0,0.8292524604159185
Turkmenistan,TM,0.0,0.0,0.0,
Turks and Caicos Islands,TC,17.0,2386.0,1.0,0.7124895222129086
Tuvalu,TV,0.0,0.0,0.0,
Uganda,UG,341.0,41766.0,24.0,0.8164535746779676
Ukraine,UA,43778.0,2059465.0,177.0,2.125697693332977
United Arab Emirates,AE,0.0,0.0,0.0,
United Kingdom,GB,127480.0,4411797.0,227.0,2.8895255153398947
United States,US,588337.0,32983695.0,9867.0,1.7837207141286022
United States Minor Outlying Islands,UM,0.0,0.0,0.0,
Uruguay,UY,2497.0,193027.0,535.0,1.2936014132737907
Uzbekistan,UZ,647.0,90406.0,23.0,0.7156604650133841
Vanuatu,VU,1.0,4.0,0.0,25.0
"Venezuela, Bolivarian Republic of",VE,2099.0,194959.0,322.0,1.0766366261624238
Venezuela,VE,2099.0,194959.0,322.0,1.0766366261624238
Viet Nam,VN,35.0,2865.0,0.0,1.2216404886561953
Vietnam,VN,35.0,2865.0,0.0,1.2216404886561953
"Virgin Islands, British",VG,1.0,194.0,0.0,0.5154639175257731
"Virgin Islands, U.S.",VI,0.0,17.0,163.0,0.0
Wallis and Futuna,WF,7.0,444.0,1.0,1.5765765765765765
Western Sahara,EH,1.0,10.0,0.0,10.0
Yemen,YE,1216.0,6263.0,23.0,19.415615519718983
Zambia,ZM,1249.0,91484.0,44.0,1.3652660574526692
Zimbabwe,ZW,1565.0,38191.0,12.0,4.097824094681993
